Feature 1,Feature 2
0.942521555533817,0.05747844446618304
0.958954348356134,0.041045651643866046
0.9490907835113495,0.050909216488650544
0.9940600081523745,0.005939991847625475
0.9989164907239957,0.0010835092760042818
0.9772332353583078,0.02276676464169224
0.996980868703552,0.0030191312964480232
0.9687571898056615,0.031242810194338572
0.9973441519903303,0.0026558480096697595
0.9357272739018407,0.06427272609815922
0.9979061155124285,0.0020938844875715815
0.996783783511609,0.00321621648839102
0.9520449865423637,0.047955013457636336
0.9755623631300561,0.024437636869943977
0.9885567437330808,0.011443256266919182
0.9843434355086088,0.01565656449139128
0.9897241430751474,0.010275856924852599
0.9396106296210797,0.06038937037892029
0.9688065363985577,0.031193463601442362
0.9644094661068786,0.035590533893121376
0.9341084501241103,0.06589154987588983
0.972840156417945,0.027159843582055046
0.9651524359732906,0.034847564026709424
0.9425832283569524,0.05741677164304764
0.968622486295277,0.031377513704722894
0.9830287348728471,0.016971265127152857
0.9992132399954916,0.0007867600045083359
0.9592366969173197,0.0407633030826804
0.9998840397235155,0.00011596027648451991
0.9493662402168697,0.050633759783130325
0.9407700444180963,0.059229955581903734
0.9675865502103077,0.032413449789692336
0.9828892308660824,0.01711076913391766
0.9606238368559773,0.03937616314402266
0.928541490682234,0.07145850931776603
0.9594009851995932,0.04059901480040679
0.9916533498270258,0.008346650172974236
0.9818097134135083,0.018190286586491626
0.9646085943333688,0.035391405666631175
0.9887759851229991,0.01122401487700085
0.9480105369444091,0.05198946305559085
0.9886714411623972,0.011328558837602835
0.9717099579065769,0.028290042093423094
0.9607980254623313,0.039201974537668785
0.9886432199042928,0.011356780095707215
0.9877225912187426,0.012277408781257396
0.9961060344178243,0.003893965582175624
0.9995884630707529,0.000411536929247186
0.9605216572815168,0.03947834271848308
0.9737940809411372,0.026205919058862836
0.9496968150524273,0.050303184947572584
0.9723767766406723,0.027623223359327636
0.9547682873138542,0.045231712686145675
0.9816682464318462,0.018331753568153742
0.9549044595300448,0.04509554046995522
0.9682409295109814,0.03175907048901865
0.9940959645524607,0.005904035447539309
0.9353406977079759,0.06465930229202414
0.9930635663234659,0.006936433676534059
0.9473603330155186,0.05263966698448133
0.9580054054037834,0.041994594596216565
0.9974224400816571,0.002577559918342917
0.9600418206347815,0.03995817936521851
0.9570775117041798,0.04292248829582024
0.9931882494190843,0.006811750580915553
0.9749199118711519,0.02508008812884808
0.9939694704751135,0.006030529524886401
0.9845418649677782,0.015458135032221857
0.9971563525401874,0.0028436474598125413
0.9750877699549804,0.02491223004501965
0.9476110077335759,0.05238899226642409
0.9586912196353501,0.04130878036464982
0.9893439228480494,0.01065607715195056
0.9924197692186896,0.0075802307813104125
0.9943374320327903,0.005662567967209628
0.9688715016660632,0.03112849833393683
0.976399086765705,0.023600913234295067
0.9964717607402104,0.00352823925978963
0.9944899143680744,0.005510085631925602
0.9720019130301217,0.027998086969878242
0.9797866918633966,0.020213308136603388
0.9627118498179401,0.037288150182059776
0.9869686779886934,0.01303132201130658
0.9783788860941106,0.021621113905889423
0.9685802743347389,0.031419725665261085
0.9999464389824256,5.356101757445251e-05
0.9839115434233595,0.016088456576640563
0.9874819456505916,0.012518054349408444
0.9618306098586776,0.03816939014132245
0.9962077837757941,0.0037922162242058255
0.9458106280085737,0.05418937199142619
0.966711983546597,0.03328801645340292
0.9945826642467218,0.0054173357532782416
0.9538700516572947,0.04612994834270529
0.9690852561197197,0.030914743880280288
0.99044690253988,0.00955309746012009
0.9574164702039123,0.042583529796087746
0.9404977579287759,0.059502242071224024
0.9731747309277388,0.026825269072261286
0.9874167894239348,0.012583210576065231
0.9850110903854357,0.014988909614564245
0.9783430341236938,0.021656965876306257
0.9631771934806069,0.03682280651939309
0.9699098211440969,0.030090178855903215
0.9663749887394145,0.033625011260585425
0.9919714085897704,0.008028591410229621
0.9786786650309959,0.02132133496900414
0.9857704968161942,0.014229503183805827
0.9895159596396227,0.010484040360377297
0.9797862541998738,0.0202137458001262
0.9957545255519669,0.004245474448033078
0.9763258567796699,0.02367414322033006
0.9848697278117277,0.01513027218827243
0.9666285565720605,0.03337144342793953
0.9782018040783642,0.02179819592163576
0.9831714598412239,0.016828540158776013
0.977223224247607,0.02277677575239292
0.9834068819166408,0.01659311808335913
0.9697037014937293,0.03029629850627071
0.9149382279402637,0.08506177205973633
0.9736270775572672,0.02637292244273286
0.9718772017242249,0.02812279827577516
0.9975994308450544,0.002400569154945476
0.9878351937447711,0.012164806255228781
0.9732200128782466,0.026779987121753456
0.9487190299128875,0.05128097008711258
0.9990250629817409,0.0009749370182591834
0.9924638474853056,0.00753615251469441
0.9867321406771516,0.013267859322848229
0.9704430194696356,0.029556980530364284
0.9589657598792262,0.04103424012077374
0.9220373959585043,0.07796260404149562
0.968523857220615,0.03147614277938505
0.9610688075909635,0.038931192409036565
0.9752492538335336,0.024750746166466397
0.9786688910234737,0.021331108976526268
0.9918542500800123,0.008145749919987665
0.9419671106765555,0.05803288932344454
0.9516082796418321,0.04839172035816792
0.9679421823876937,0.03205781761230627
0.9555315264988913,0.044468473501108816
0.9957307171099272,0.004269282890072855
0.9494396216404152,0.05056037835958489
0.9958916537051958,0.004108346294804079
0.9987728007868136,0.0012271992131863885
0.9701871930355174,0.029812806964482574
0.9589133126446339,0.0410866873553662
0.9969275142050514,0.003072485794948498
0.9771646567163635,0.022835343283636397
0.9483842879306221,0.05161571206937783
0.9347754526088915,0.06522454739110853
0.9882874662230465,0.011712533776953558
0.9952253546287931,0.004774645371206849
0.8899611804635287,0.11003881953647134
0.9353219351392076,0.0646780648607925
0.9903588045218181,0.009641195478181874
0.9967130319736698,0.0032869680263303037
0.9160383167283782,0.08396168327162179
0.9117537501557729,0.08824624984422717
0.9853141591429968,0.01468584085700316
0.9854702112071868,0.01452978879281319
0.9865192074405736,0.013480792559426408
0.9233828688949437,0.07661713110505636
0.9901720353953598,0.009827964604640084
0.985876542037141,0.014123457962859003
0.9774823951576822,0.02251760484231779
0.985905368190198,0.014094631809801902
0.9728192943356303,0.02718070566436972
0.9997523260746207,0.00024767392537930217
0.9790425469725867,0.020957453027413184
0.9692515729272114,0.030748427072788537
0.9970236644801075,0.002976335519892489
0.998125067132806,0.0018749328671938943
0.9644900216244912,0.03550997837550882
0.9572776272890793,0.042722372710920685
0.9903875535160421,0.00961244648395777
0.9547036640327244,0.04529633596727562
0.9141030826523397,0.0858969173476603
0.9551689635791993,0.04483103642080064
0.9664662297434163,0.03353377025658369
0.9616655381568584,0.03833446184314163
0.9770121485122365,0.022987851487763507
0.9660097366345999,0.033990263365400106
0.9248770429763071,0.07512295702369291
0.973295326215203,0.02670467378479704
0.9990407817793117,0.0009592182206883487
0.9857016979974073,0.014298302002592682
0.9630281554236859,0.03697184457631398
0.9520278929668812,0.04797210703311884
0.9749369497017585,0.025063050298241633
0.9860517735956779,0.013948226404322186
0.9991597221099932,0.0008402778900068922
0.9384764282377304,0.06152357176226972
0.9807888151179439,0.01921118488205607
0.9812332660295063,0.018766733970493707
0.9603629544544318,0.03963704554556831
0.9847064763920192,0.01529352360798083
0.9929004990244538,0.0070995009755461785
0.9403430333376063,0.05965696666239375
0.9581100882770103,0.04188991172298972
0.9610823143763951,0.038917685623604883
0.9704190593376376,0.029580940662362422
0.9296301899007606,0.07036981009923936
0.977354308641228,0.022645691358772015
0.9794074620628572,0.02059253793714274
0.9897486090582516,0.010251390941748368
0.981074534537895,0.018925465462105006
0.9473718700976285,0.0526281299023715
0.9758964242414637,0.024103575758536278
0.9710502499399475,0.028949750060052532
0.9891806909319033,0.010819309068096737
0.9985321531569227,0.0014678468430773717
0.8634320260119176,0.13656797398808243
0.9345806097636937,0.06541939023630623
0.9655255811041172,0.034474418895882805
0.9693832244365965,0.030616775563403406
0.9910276676282417,0.008972332371758396
0.9968523361604472,0.003147663839552732
0.9846685185878828,0.015331481412117121
0.9640458073362032,0.03595419266379683
0.9383194294461196,0.061680570553880314
0.997693478342274,0.002306521657726101
0.9513259848661118,0.04867401513388829
0.9593986971156069,0.04060130288439316
0.9695233352324365,0.030476664767563524
0.9044477727482586,0.09555222725174142
0.9637486801990108,0.0362513198009891
0.9657943960311917,0.034205603968808236
0.948570370502,0.05142962949800009
0.9422769535554526,0.05772304644454736
0.9748053340811228,0.0251946659188771
0.9710646170249134,0.028935382975086573
0.9772361921619794,0.022763807838020553
0.9792945096455397,0.020705490354460315
0.9114187712644483,0.08858122873555173
0.9851438190093473,0.014856180990652645
0.9192445281913353,0.08075547180866464
0.9904614561014955,0.009538543898504564
0.9679169198080033,0.032083080191996634
0.9848633584200203,0.015136641579979765
0.9934258950298104,0.0065741049701895735
0.9930889563058969,0.006911043694103164
0.9822328793399621,0.01776712066003792
0.9674971980156847,0.03250280198431533
0.9804074094581333,0.01959259054186673
0.9089218851427786,0.09107811485722127
0.9374589956578121,0.06254100434218783
0.9981091588439054,0.0018908411560946015
0.9532148376398439,0.04678516236015602
0.9688801008612594,0.031119899138740595
0.9296852716777919,0.07031472832220809
0.9069962417327319,0.09300375826726812
0.957961350678055,0.042038649321945044
0.8935769303414709,0.10642306965852906
0.9964250233751312,0.003574976624868855
0.9703434141319535,0.029656585868046575
0.9419245031053435,0.05807549689465653
0.9942898330504145,0.005710166949585488
0.9923929331907537,0.007607066809246291
0.9150685067226613,0.08493149327733866
0.9749182167458017,0.025081783254198308
0.9578245935681071,0.04217540643189285
0.9752254254090742,0.02477457459092587
0.9956995824501313,0.004300417549868716
0.9328345524167521,0.06716544758324791
0.9618991081861478,0.0381008918138523
0.9839812338086574,0.016018766191342564
0.9865732789533643,0.013426721046635665
0.925922315408128,0.07407768459187213
0.9491887952020979,0.05081120479790208
0.8950187568517702,0.10498124314822983
0.9728731721191055,0.02712682788089442
0.9534361736438304,0.046563826356169555
0.9395627772159966,0.06043722278400344
0.9558380017199101,0.04416199828008993
0.9856341406575276,0.014365859342472326
0.9811663876612171,0.01883361233878288
0.9910528602395243,0.008947139760475618
0.9983723850863976,0.001627614913602347
0.9824676450306703,0.017532354969329644
0.9428811769593135,0.057118823040686426
0.9602652751197016,0.03973472488029844
0.9880255330918765,0.011974466908123644
0.9770602103646052,0.022939789635394812
0.9991285372156397,0.0008714627843603976
0.9564272005689926,0.043572799431007406
0.9847110088086017,0.01528899119139831
0.9814557679560449,0.018544232043955007
0.996763356287583,0.0032366437124171287
0.9894690742657501,0.010530925734249885
0.950931154657852,0.049068845342148
0.9660715605500809,0.03392843944991901
0.9715005665460206,0.028499433453979407
0.9677309504273909,0.03226904957260909
0.9323847134500577,0.0676152865499424
0.9906178873540425,0.009382112645957476
0.9648798873965325,0.03512011260346755
0.9463771109486874,0.05362288905131259
0.9990518056210334,0.0009481943789667448
0.9693851451413208,0.030614854858679263
0.9956183049414322,0.004381695058567818
0.9205984457234464,0.07940155427655357
0.9977973094304583,0.002202690569541658
0.972025836484402,0.02797416351559799
0.9593688399283667,0.04063116007163327
0.893979008002874,0.10602099199712604
0.960118905315093,0.03988109468490698
0.926742109739194,0.07325789026080591
0.9912863175915078,0.008713682408492334
0.9937367829284357,0.006263217071564222
0.9931614412165154,0.006838558783484575
0.9842667103141508,0.01573328968584917
0.933514817652868,0.06648518234713201
0.9860391536582948,0.013960846341705213
0.9603652695281686,0.039634730471831525
0.9997741585468422,0.00022584145315795523
0.9624827235100643,0.037517276489935816
0.985521161094765,0.014478838905235103
0.9352168235093279,0.06478317649067211
0.960611736667579,0.03938826333242103
0.989281274681273,0.01071872531872703
0.9468537353900328,0.053146264609967166
0.9358554200427478,0.06414457995725222
0.9840158163221157,0.015984183677884335
0.9734133458672224,0.026586654132777582
0.9993998513306979,0.0006001486693022104
0.9986939095730587,0.0013060904269412384
0.9993047249974256,0.0006952750025744412
0.9450558159779027,0.054944184022097414
0.9988857023329193,0.0011142976670807752
0.9765921280260672,0.0234078719739328
0.9528750542492985,0.047124945750701475
0.9939859403068776,0.006014059693122342
0.9891093400900187,0.01089065990998118
0.9640955539690714,0.03590444603092862
0.9954679483382299,0.004532051661770094
0.9963813783267644,0.003618621673235593
0.9554943021199668,0.04450569788003321
0.971749052279475,0.02825094772052505
0.9909672658494534,0.009032734150546536
0.9900045655915557,0.009995434408444335
0.9815526892121895,0.01844731078781054
0.9878690958275566,0.0121309041724435
0.9165027171904375,0.0834972828095625
0.9322841326597773,0.06771586734022274
0.9956795714271309,0.0043204285728690025
0.9774467171259764,0.022553282874023608
0.9606453427498634,0.039354657250136774
0.971464255361077,0.028535744638923093
0.9348304055462555,0.0651695944537444
0.964166855177723,0.035833144822276994
0.9275080394345577,0.07249196056544227
0.9861185611841119,0.013881438815888011
0.9867140314711896,0.01328596852881039
0.9560473853687266,0.04395261463127327
0.9447419826678574,0.055258017332142625
0.985659340287419,0.014340659712581026
0.9580697047878253,0.041930295212174735
0.9749085324617072,0.025091467538292854
0.9582685527807014,0.041731447219298584
0.9476344949597436,0.05236550504025639
0.9681648438751197,0.031835156124880255
0.9649129865932193,0.03508701340678063
0.9682370873180964,0.03176291268190352
0.9339673510170415,0.06603264898295856
0.9823068408667538,0.017693159133246227
0.90560235324606,0.09439764675393997
0.9791286958179105,0.020871304182089455
0.9899014705658981,0.01009852943410193
0.913700069204312,0.08629993079568794
0.9972794362235863,0.002720563776413824
0.9607862946988873,0.039213705301112574
0.9920266913688498,0.007973308631150219
0.9947007634034593,0.005299236596540704
0.9860494639852218,0.013950536014778263
0.9740873821075652,0.025912617892434802
0.9931238335367373,0.0068761664632627385
0.9567108610234735,0.04328913897652649
0.9904723069227802,0.00952769307721975
0.9771102089054919,0.022889791094507974
0.9937526202285926,0.00624737977140751
0.9484962192725297,0.051503780727470395
0.9865672206536138,0.01343277934638617
0.9993715157446724,0.0006284842553275081
0.9557138096251515,0.04428619037484851
0.9655313412827864,0.03446865871721359
0.988982351312608,0.011017648687392004
0.9836596581071687,0.016340341892831265
0.9857842070076589,0.014215792992341115
0.9621012739472579,0.03789872605274223
0.9731577297474687,0.026842270252531254
0.9699260263018343,0.030073973698165633
0.9950304393448306,0.004969560655169382
0.9460979159101883,0.05390208408981165
0.9866007990450923,0.013399200954907604
0.9728235486270193,0.02717645137298068
0.9768386005455516,0.02316139945444829
0.9993564333391892,0.0006435666608107291
0.9616505959357189,0.038349404064281244
0.9776793259728662,0.022320674027133874
0.9698341691492252,0.03016583085077486
0.9509178429128827,0.04908215708711735
0.9618388754419579,0.038161124558042124
0.9867056895344967,0.013294310465503245
0.9559471336509079,0.044052866349092154
0.9760871961654529,0.023912803834547074
0.9871433327206325,0.012856667279367573
0.9301813946236974,0.06981860537630255
0.9735077276007391,0.026492272399260965
0.9401694762107281,0.0598305237892719
0.9893642109454506,0.010635789054549524
0.9395854741687193,0.06041452583128077
0.9670734059306576,0.032926594069342396
0.9786631991787442,0.021336800821255806
0.9602497147999944,0.03975028520000556
0.9799472814538751,0.020052718546124938
0.964739116554899,0.03526088344510114
0.9919728380569455,0.008027161943054506
0.9871999744012707,0.012800025598729219
0.9839476464600468,0.016052353539953112
0.9778461608236558,0.022153839176344135
0.9653681085610447,0.03463189143895536
0.9664933885577018,0.033506611442298134
0.9765797295596805,0.023420270440319527
0.9431154670502484,0.05688453294975152
0.9551717449587184,0.044828255041281594
0.9131552216158695,0.0868447783841306
0.9158689332074387,0.08413106679256124
0.9823731571629105,0.017626842837089454
0.9628259529258539,0.03717404707414612
0.9756158997358353,0.02438410026416469
0.9870766525232737,0.012923347476726374
0.9800321007988201,0.019967899201179976
0.9853608393737419,0.014639160626258156
0.968161057264842,0.031838942735157895
0.9987823321028908,0.001217667897109197
0.9896706076368765,0.010329392363123456
0.9747670580607778,0.025232941939222132
0.9626449452101867,0.03735505478981332
0.9650484020021254,0.03495159799787459
0.959716617467408,0.040283382532592
0.952539294106949,0.04746070589305093
0.9411226128822556,0.05887738711774439
0.9647096702176636,0.035290329782336365
0.9998041201908957,0.00019587980910435517
0.9971522428505838,0.0028477571494161455
0.9488811863728517,0.05111881362714831
0.986766328916502,0.013233671083498088
0.9842756701231035,0.015724329876896585
0.9453298663914154,0.05467013360858453
0.9528013719913098,0.047198628008690305
0.9959999423856103,0.004000057614389618
0.9792178661562033,0.02078213384379672
0.9720576973466634,0.027942302653336644
0.9326001812186038,0.06739981878139614
0.9876161335715887,0.012383866428411279
0.9669201469497698,0.03307985305023018
0.9913680255138534,0.008631974486146608
0.9860760676558527,0.013923932344147275
0.9896118897923692,0.010388110207630709
0.9896143329823098,0.010385667017690085
0.9677529903498555,0.032247009650144515
0.9448533158889155,0.05514668411108438
0.9504593724181665,0.04954062758183347
0.9507565446574527,0.04924345534254721
0.9741383358560768,0.02586166414392326
0.9011023529568266,0.09889764704317339
0.9577943975668345,0.04220560243316554
0.9314038406298603,0.06859615937013966
0.9746658829820624,0.025334117017937634
0.9886917007467529,0.011308299253247061
0.9993488710133935,0.0006511289866063913
0.9637758700516774,0.036224129948322546
0.9591327676560213,0.0408672323439787
0.9728046932514292,0.027195306748570798
0.9524529283809646,0.0475470716190353
0.9377913702964793,0.062208629703520577
0.9748587556248541,0.025141244375145817
0.9384391709277988,0.06156082907220108
0.9682413796248798,0.03175862037512026
0.9800197495574698,0.019980250442530222
0.9764973223588624,0.023502677641137493
0.9650399449503432,0.03496005504965673
0.9815443497432477,0.01845565025675235
0.9375050975196292,0.062494902480370915
0.9894004003052675,0.01059959969473236
0.9412091811177927,0.058790818882207274
0.9952958111318783,0.004704188868121742
0.9331159107150463,0.06688408928495375
0.9255930029029344,0.07440699709706562
0.9845871234955672,0.015412876504432701
0.9937873239990741,0.006212676000925947
0.9850760590022861,0.014923940997713889
0.9608222823220334,0.03917771767796667
0.9697891432627271,0.03021085673727294
0.9963640741699917,0.0036359258300082157
0.9812436345764672,0.018756365423532775
0.9773848956781264,0.022615104321873653
0.9625385862366733,0.037461413763326734
0.9995423364718371,0.0004576635281628722
0.969699297760739,0.03030070223926101
0.9703263322421832,0.029673667757816737
0.9866316575902513,0.01336834240974861
0.980569189106134,0.019430810893866102
0.9738512976821745,0.026148702317825536
0.9906938836612558,0.009306116338744258
0.9884355108979571,0.011564489102042969
0.9942383028155395,0.005761697184460546
0.9486185505691308,0.051381449430869135
0.9633058980971105,0.036694101902889444
0.9581465977894781,0.041853402210521785
0.993418352229004,0.006581647770996066
0.9409160579897891,0.059083942010210895
0.9285064339688656,0.07149356603113441
0.9776170105085517,0.022382989491448405
0.9673039489669212,0.03269605103307882
0.9742721832504138,0.02572781674958621
0.9608595903327835,0.03914040966721654
0.9588350422395919,0.04116495776040813
0.9921246059926797,0.007875394007320275
0.9296414659067338,0.07035853409326624
0.9455887899572132,0.05441121004278683
0.9941209647971102,0.005879035202889743
0.9440457410359289,0.05595425896407119
0.9968201683342306,0.003179831665769387
0.9911668316923016,0.008833168307698425
0.9329668664099454,0.06703313359005453
0.9825050856951747,0.01749491430482533
0.9858779557240158,0.01412204427598407
0.9490477884882809,0.05095221151171913
0.9455832868840848,0.054416713115915165
0.9630393607639215,0.036960639236078535
0.9960374279128881,0.003962572087111955
0.9989855016965798,0.0010144983034201705
0.9745199393182685,0.025480060681731455
0.9989611171365586,0.0010388828634414326
0.9672129430216264,0.03278705697837361
0.989921456971429,0.010078543028571061
0.9909720615848859,0.009027938415114076
0.983289229019999,0.01671077098000101
0.9985613001554684,0.0014386998445316149
0.9235970994780786,0.07640290052192142
0.9863266128487795,0.013673387151220427
0.9588022159175262,0.04119778408247373
0.9998257999864136,0.0001742000135862696
0.9243857069210486,0.07561429307895133
0.9563017173068649,0.04369828269313512
0.9600289151409,0.03997108485910002
0.925086075308176,0.07491392469182408
0.984757154879417,0.015242845120583087
0.9371162685184687,0.06288373148153126
0.9992048143165694,0.0007951856834306886
0.9652043889748521,0.034795611025147936
0.9825772913756552,0.017422708624344824
0.9663398914625259,0.033660108537474163
0.9754766834744399,0.024523316525559967
0.9803687916600401,0.019631208339959887
0.9941477375657316,0.005852262434268301
0.9877096037316041,0.012290396268395938
0.9838225567546227,0.01617744324537725
0.9777838138504195,0.022216186149580607
0.924195619451602,0.07580438054839797
0.9802431046555863,0.019756895344413657
0.9972665348141477,0.0027334651858522104
0.9593877548670942,0.040612245132905817
0.9200198002842142,0.07998019971578585
0.9697021903478478,0.030297809652152233
0.9402365715295987,0.05976342847040127
0.9763305607266829,0.023669439273317168
0.9512225736612461,0.048777426338753954
0.9863407514181866,0.013659248581813378
0.9554972554010587,0.04450274459894134
0.9677623645961264,0.032237635403873616
0.9129130890287059,0.08708691097129402
0.9815010155525355,0.01849898444746447
0.926406499777196,0.07359350022280402
0.9546640570756569,0.045335942924343016
0.9986173677447424,0.001382632255257575
0.9822696343379712,0.01773036566202885
0.9761634249069029,0.02383657509309704
0.9840964983828475,0.01590350161715247
0.9612346657554456,0.038765334244554424
0.9506612249636928,0.04933877503630723
0.9976454747852506,0.0023545252147493816
0.9978907939296872,0.0021092060703127367
0.9785731503197621,0.021426849680237992
0.9733639919228689,0.026636008077131117
0.9345865708713718,0.06541342912862817
0.9321805078868141,0.06781949211318587
0.9933389229057665,0.006661077094233423
0.9526607355836894,0.047339264416310735
0.9934409383292317,0.0065590616707681985
0.9903306623413826,0.009669337658617364
0.9613205222016615,0.03867947779833852
0.9536658435181717,0.04633415648182828
0.9715560853459786,0.028443914654021456
0.9526430530065619,0.04735694699343809
0.946224512602057,0.05377548739794311
0.937245379423617,0.062754620576383
0.9805323087946235,0.019467691205376544
0.9664530903580524,0.03354690964194755
0.9996934727860959,0.00030652721390415227
0.9916024584720813,0.008397541527918698
0.9968777653681259,0.003122234631874106
0.9669699520704899,0.03303004792951023
0.9753784662919699,0.02462153370803019
0.9969613124816938,0.003038687518306152
0.9873849241729941,0.012615075827005882
0.9953017047399034,0.004698295260096575
0.9436140997229282,0.05638590027707186
0.9572916513624358,0.04270834863756425
0.9737953005156857,0.026204699484314295
0.9590024852614625,0.04099751473853749
0.9324452398842622,0.06755476011573776
0.9446491182705703,0.05535088172942972
0.9953696463766021,0.004630353623397865
0.9453164419876732,0.05468355801232681
0.9984038705914351,0.0015961294085649798
0.992940198830548,0.007059801169452076
0.9691584114096575,0.03084158859034249
0.9733181325450952,0.026681867454904723
0.9761092766126029,0.02389072338739702
0.9945598508729968,0.005440149127003151
0.9592907891859339,0.040709210814066234
0.9120018671609029,0.0879981328390971
0.9472508187278198,0.05274918127218018
0.9574252880146802,0.04257471198531977
0.9683433459423407,0.03165665405765917
0.979577040909579,0.02042295909042104
0.9995253065015118,0.00047469349848810983
0.924684018616453,0.0753159813835471
0.9729232245361014,0.027076775463898597
0.9916057416480157,0.008394258351984294
0.978098677126273,0.021901322873727064
0.9209711959918173,0.07902880400818268
0.9891700772673578,0.010829922732642215
0.9736820392682739,0.026317960731726094
0.9355708854975904,0.06442911450240967
0.998561251730275,0.001438748269724947
0.8916334044660394,0.10836659553396057
0.9764420129753679,0.023557987024631997
0.9800260010903928,0.01997399890960718
0.9803617869334262,0.019638213066573772
0.9569649178849574,0.04303508211504259
0.9615755658363929,0.03842443416360716
0.9940793300433207,0.005920669956679274
0.9444139114303755,0.05558608856962458
0.9120207294557209,0.08797927054427912
0.9454081256150049,0.0545918743849951
0.9477955264025155,0.052204473597484466
0.9857041944705128,0.014295805529487154
0.9714495056609449,0.028550494339055005
0.9506294515678382,0.0493705484321618
0.9612207294792897,0.038779270520710354
0.9541333285759007,0.04586667142409931
0.9765661741612893,0.023433825838710565
0.9592755642810492,0.04072443571895078
0.9585292646908143,0.04147073530918562
0.9842496684284893,0.015750331571510807
0.9897279284167986,0.010272071583201441
0.9738024108779859,0.026197589122013958
0.9863880019876394,0.013611998012360653
0.973961843944326,0.026038156055674003
0.9664305860759568,0.0335694139240432
0.9216382329264216,0.07836176707357845
0.9780756788726416,0.021924321127358492
0.987232765416594,0.012767234583406081
0.9678720140090057,0.032127985990994305
0.9801130214398092,0.019886978560190827
0.978650424250622,0.021349575749377996
0.936432133392236,0.06356786660776399
0.9905741795342411,0.009425820465758978
0.9698149584175457,0.03018504158245426
0.9890208757939856,0.010979124206014386
0.9818890926401731,0.018110907359826945
0.9617584840369268,0.0382415159630733
0.9806801453123987,0.019319854687601383
0.946471901152423,0.05352809884757699
0.973078661185101,0.026921338814898922
0.9740605387309084,0.025939461269091586
0.9785803870019743,0.021419612998025726
0.9599698321820272,0.04003016781797272
0.9839562503732867,0.016043749626713382
0.980873567572072,0.019126432427927994
0.980945066809313,0.019054933190686973
0.9858702853401881,0.014129714659811925
0.9970135753116847,0.0029864246883153493
0.984544195297826,0.015455804702173972
0.9678849580410606,0.032115041958939446
0.9979647842461865,0.0020352157538134595
0.979398202134319,0.020601797865680886
0.9866325409911153,0.013367459008884783
0.9688961732509351,0.03110382674906487
0.9580461832599112,0.04195381674008881
0.9750061384730809,0.024993861526919126
0.9953193923857571,0.004680607614242925
0.934639422747172,0.06536057725282797
0.9938608456048186,0.006139154395181425
0.959209503320768,0.040790496679231986
0.9770546029422049,0.02294539705779512
0.9989968453164859,0.0010031546835140666
0.9685742140674966,0.03142578593250351
0.9623255283584893,0.037674471641510617
0.9855734590604118,0.014426540939588088
0.9139731007988859,0.086026899201114
0.9782005873952364,0.02179941260476368
0.9902464971798867,0.009753502820113388
0.9810397459899944,0.018960254010005614
0.9874488772419329,0.012551122758067102
0.9357499129139453,0.06425008708605476
0.9261268097133862,0.07387319028661382
0.9744049046879931,0.02559509531200681
0.9899348660979278,0.01006513390207221
0.9972348509676864,0.0027651490323135253
0.9278871210194198,0.07211287898058025
0.9720582091009526,0.027941790899047345
0.9916902274004199,0.008309772599580025
0.9893424020890094,0.010657597910990637
0.9429223533826966,0.05707764661730332
0.9882253768822566,0.011774623117743332
0.9771180526747982,0.02288194732520175
0.9600751330949288,0.039924866905071216
0.9782008599694677,0.0217991400305322
0.9439826454506993,0.0560173545493007
0.9722418667258794,0.027758133274120623
0.985875553346748,0.014124446653251929
0.9927931158673736,0.007206884132626399
0.9831790457089905,0.01682095429100949
0.980896224498444,0.019103775501556005
0.9868097933173109,0.013190206682689111
0.9714600242323106,0.028539975767689428
0.9595925160414367,0.04040748395856332
0.9846484058442427,0.015351594155757306
0.986375403740867,0.013624596259132983
0.9834301942537856,0.01656980574621434
0.9980136406033119,0.001986359396688059
0.999882989511494,0.00011701048850604957
0.941578174827006,0.05842182517299406
0.9335048569515648,0.06649514304843517
0.9715926776887244,0.02840732231127566
0.9801441084780038,0.019855891521996034
0.9648665189203431,0.03513348107965678
0.9249187923168032,0.07508120768319683
0.9715703926600021,0.028429607339997755
0.9150960543147436,0.08490394568525636
0.9623881374779357,0.03761186252206431
0.9804128933702592,0.019587106629740746
0.9637646272184737,0.036235372781526304
0.9977123611005311,0.002287638899469021
0.985995447847954,0.01400455215204599
0.969841828151274,0.030158171848726004
0.976319999815277,0.02368000018472298
0.964498933865313,0.03550106613468693
0.9860930530978634,0.013906946902136503
0.9559366742678892,0.04406332573211086
0.9990701672078282,0.0009298327921719453
0.9908345327603806,0.009165467239619448
0.9968711013805207,0.0031288986194793083
0.998295605366536,0.0017043946334639364
0.9138450108492376,0.08615498915076245
0.8172515356174068,0.18274846438259307
0.12673397621026003,0.87326602378974
0.9904097330649783,0.009590266935021822
0.9929083218356702,0.007091678164329783
0.9736702074498618,0.02632979255013815
0.9849129762355822,0.015087023764417838
0.9610380057221041,0.038961994277895845
0.977330817237808,0.022669182762191875
0.9995465749288439,0.00045342507115600966
0.1796657286562325,0.8203342713437676
0.927025825890626,0.07297417410937405
0.493007790039665,0.506992209960335
0.9895329902096391,0.01046700979036078
0.9995653659697752,0.0004346340302247782
0.9870315644094995,0.012968435590500602
0.9627517076487132,0.037248292351286676
0.9712998709432002,0.028700129056799834
0.9839747460437851,0.016025253956214947
0.8739000979070384,0.12609990209296165
0.9777852788372641,0.02221472116273609
0.9940679799502733,0.0059320200497267155
0.9777398329444803,0.02226016705551964
0.9928833535366495,0.007116646463350513
0.8930786534258193,0.10692134657418079
0.998559344353281,0.0014406556467191239
0.926920510792709,0.07307948920729097
0.5507086428236341,0.44929135717636587
0.17239630262807562,0.8276036973719243
0.9467390116220195,0.05326098837798057
0.9920287987596632,0.007971201240336826
0.9893599290357036,0.010640070964296453
0.9339071481439873,0.06609285185601266
0.20246290776805448,0.7975370922319455
0.9906405691196093,0.00935943088039073
0.9596634417310901,0.040336558268909875
0.9713987026561478,0.028601297343852163
0.9893635001990562,0.010636499800943777
0.956589247460916,0.04341075253908402
0.9923938847058849,0.00760611529411522
0.9827843530450415,0.017215646954958516
0.9411127837229402,0.05888721627705978
0.9677840081303097,0.03221599186969031
0.9929248576955766,0.007075142304423388
0.2036032879503334,0.7963967120496667
0.9638687273111267,0.0361312726888733
0.9203631189694167,0.07963688103058333
0.18074523937878884,0.8192547606212113
0.18897884050113423,0.8110211594988659
0.965642115646375,0.03435788435362501
0.9815601826276459,0.018439817372354186
0.9654166188484937,0.03458338115150631
0.9931841534366048,0.006815846563395078
0.9943144689489001,0.005685531051099915
0.9364425426838742,0.0635574573161257
0.14897338192021642,0.8510266180797836
0.9276245578954877,0.07237544210451229
0.9607289652878348,0.039271034712165205
0.10311346374307824,0.8968865362569217
0.9949603136359231,0.005039686364076854
0.9746404888082429,0.025359511191757007
0.9798741060325841,0.020125893967415907
0.9886680026478983,0.011331997352101702
0.9117032089328718,0.08829679106712808
0.9867747749419244,0.01322522505807561
0.9480642980597787,0.051935701940221284
0.9428461656371654,0.05715383436283453
0.9407605588293434,0.05923944117065659
0.9831613149996644,0.016838685000335633
0.994479070519478,0.005520929480522034
0.9963644437960131,0.003635556203986931
0.5666173650873044,0.4333826349126956
0.9983328893385411,0.0016671106614587726
0.9350330711499267,0.0649669288500733
0.983996802069013,0.01600319793098706
0.6460589040968038,0.3539410959031962
0.9748414749763123,0.025158525023687577
0.9994409546470984,0.0005590453529015703
0.9670566996936325,0.032943300306367565
0.9818012438211633,0.01819875617883675
0.9804760556203218,0.019523944379678207
0.9266626452339973,0.07333735476600264
0.9933287779092724,0.006671222090727545
0.5724267912796949,0.42757320872030524
0.9958545122745012,0.004145487725498801
0.9698451440908415,0.030154855909158514
0.966240632675171,0.03375936732482896
0.98681748503789,0.013182514962109985
0.9250276358899833,0.0749723641100167
0.9827627553143258,0.017237244685674162
0.9824981744254583,0.017501825574541725
0.9039632715065712,0.09603672849342888
0.9913433966082169,0.00865660339178315
0.9881548529073779,0.011845147092622018
0.958073381405446,0.041926618594554044
0.9824374619541716,0.0175625380458283
0.9097167917220063,0.09028320827799383
0.9509502086658057,0.04904979133419437
0.9640444226010854,0.03595557739891471
0.9334706305959276,0.06652936940407234
0.9935366830906903,0.0064633169093096686
0.9502622023177503,0.04973779768224967
0.9925622027896326,0.007437797210367394
0.9729260133490742,0.027073986650925794
0.9628077863182641,0.037192213681735906
0.9011116678430069,0.09888833215699315
0.9341141142201248,0.06588588577987514
0.9238568683381284,0.07614313166187164
0.9506618981830925,0.04933810181690738
0.963444249182728,0.036555750817272005
0.8278282422061315,0.17217175779386854
0.7681893578567952,0.23181064214320476
0.9402252961240058,0.05977470387599421
0.9913448137767424,0.008655186223257472
0.9863888044955,0.01361119550450002
0.954610408557989,0.045389591442011046
0.9448524860567432,0.055147513943256836
0.16370604526676694,0.8362939547332331
0.9776207918592307,0.022379208140769376
0.8782766095181171,0.12172339048188285
0.9847901263039617,0.015209873696038441
0.9835472058928928,0.016452794107107312
0.9856979677396822,0.014302032260317921
0.9708745476043245,0.029125452395675527
0.9971977886631315,0.0028022113368684847
0.9607321655447129,0.03926783445528721
0.9944252985922029,0.005574701407797168
0.9467274456376991,0.05327255436230092
0.16416443570011321,0.8358355642998868
0.9859083269299832,0.014091673070016773
0.9918005541002287,0.008199445899771335
0.9817930993398316,0.01820690066016828
0.9722701486889468,0.02772985131105313
0.9630061912028445,0.036993808797155546
0.9535470219455232,0.04645297805447671
0.9499350248788472,0.050064975121152815
0.9790617293947212,0.020938270605278655
0.9745104308930286,0.02548956910697134
0.9768339691966839,0.023166030803316112
0.8837562871381637,0.1162437128618363
0.9799397948401554,0.020060205159844535
0.9973050751113274,0.002694924888672608
0.952457113488047,0.047542886511953014
0.9841144076547456,0.01588559234525437
0.8910617215687016,0.10893827843129844
0.9321006100785799,0.06789938992142008
0.9604818702033397,0.0395181297966602
0.9302899862850607,0.06971001371493939
0.9859258917613303,0.014074108238669761
0.998770291364346,0.0012297086356538808
0.9406809079205666,0.0593190920794334
0.9422115184797096,0.057788481520290425
0.9699030193707635,0.03009698062923654
0.9927076600314325,0.007292339968567393
0.9446396484664988,0.055360351533501106
0.9289268041721573,0.07107319582784269
0.9290864307080493,0.07091356929195072
0.9125711207773926,0.08742887922260753
0.9608372962500902,0.03916270374990992
0.98380660720533,0.016193392794670056
0.997920594142003,0.002079405857996995
0.09552818253254702,0.904471817467453
0.0917946207020451,0.9082053792979549
0.9863928575847204,0.013607142415279602
0.9983118062370132,0.0016881937629867592
0.9375118663278189,0.062488133672181166
0.9986922755591997,0.0013077244408003703
0.2716396343834814,0.7283603656165186
0.5297358699501109,0.4702641300498891
0.1910969786568842,0.8089030213431158
0.8860667197221633,0.11393328027783667
0.9986923545756292,0.001307645424370784
0.9493103293460812,0.05068967065391873
0.9875226953819666,0.012477304618033487
0.9843372159004581,0.015662784099541933
0.9230470451885967,0.07695295481140332
0.9925892922900099,0.007410707709990025
0.9804212853770548,0.019578714622945265
0.9785154936967833,0.021484506303216785
0.9548666142435551,0.04513338575644488
0.9822550421804889,0.017744957819511152
0.9309390767466821,0.06906092325331792
0.9923807311502764,0.007619268849723654
0.9693002384935956,0.030699761506404345
0.9904054789139143,0.009594521086085658
0.9964253566738301,0.0035746433261698474
0.9626105766252294,0.03738942337477062
0.831017576404317,0.16898242359568305
0.9437708493347253,0.05622915066527467
0.9730448472642649,0.026955152735735184
0.9545169056983248,0.0454830943016751
0.22541335292921474,0.7745866470707853
0.7730375749039844,0.22696242509601566
0.13254111578914224,0.8674588842108578
0.1881702327526987,0.8118297672473013
0.9527346097270224,0.04726539027297765
0.9623701589810771,0.03762984101892278
0.9289423053343642,0.07105769466563593
0.9991694793462974,0.0008305206537026282
0.841122181323858,0.15887781867614195
0.980329333365457,0.019670666634542994
0.1390613063996857,0.8609386936003143
0.9029533071217251,0.09704669287827494
0.9938717962072658,0.006128203792734189
0.9641767540118045,0.03582324598819564
0.9749835213333357,0.0250164786666644
0.8516405462651899,0.1483594537348101
0.9893459186081168,0.010654081391883164
0.950877850535734,0.049122149464265956
0.9995819000312014,0.0004180999687986972
0.9480152921195731,0.05198470788042691
0.9480610706315588,0.0519389293684413
0.794861381453177,0.20513861854682303
0.9801149589998245,0.01988504100017558
0.9883242430508382,0.011675756949161765
0.9799175675132042,0.02008243248679575
0.9993389627110013,0.0006610372889987911
0.9595680363571725,0.04043196364282759
0.9667527686911532,0.03324723130884675
0.9697225479243744,0.030277452075625495
0.04194398260951481,0.9580560173904853
0.26301910345229373,0.7369808965477063
0.9362660407286313,0.06373395927136867
0.9220254564251745,0.07797454357482549
0.9754505404859042,0.024549459514095803
0.12519269004294126,0.8748073099570587
0.9550367731321152,0.044963226867884766
0.973655814540771,0.026344185459228935
0.9649624914840508,0.03503750851594926
0.6934245014501013,0.30657549854989885
0.9855893777029088,0.014410622297091218
0.9211500115141006,0.07884998848589947
0.9736932647525979,0.026306735247402062
0.9988252847886193,0.0011747152113806526
0.12866604405318233,0.8713339559468177
0.9852781249278866,0.014721875072113462
0.200577921970859,0.7994220780291411
0.9326170553956217,0.0673829446043783
0.9785766653475678,0.021423334652432173
0.9857869110319887,0.014213088968011389
0.95437638378546,0.04562361621454005
0.9603742781818546,0.03962572181814535
0.8623122373762063,0.13768776262379376
0.9802760119890866,0.0197239880109133
0.933721399046009,0.0662786009539909
0.9937170772068485,0.006282922793151378
0.7667693795769142,0.23323062042308582
0.9983119886083306,0.00168801139166931
0.8421531550903429,0.15784684490965697
0.9891626922563553,0.010837307743644678
0.9922040651713259,0.007795934828674077
0.9909166839916438,0.0090833160083562
0.9959861759297182,0.004013824070281831
0.9275177739990893,0.07248222600091064
0.94851109757642,0.05148890242357989
0.9762887997614259,0.023711200238574058
0.9864127567534733,0.013587243246526763
0.08612532242233556,0.9138746775776644
0.9942397792800676,0.0057602207199324235
0.963221011223811,0.03677898877618901
0.9908305103164469,0.00916948968355312
0.957688783432966,0.04231121656703395
0.9976906360505207,0.0023093639494794027
0.9289808562115782,0.07101914378842172
0.9987269045293533,0.0012730954706467478
0.9729168343428738,0.027083165657126276
0.9473393860625929,0.05266061393740707
0.9613968839511103,0.038603116048889725
0.9651793349471299,0.03482066505287008
0.9990376099348747,0.0009623900651252778
0.8411442888826798,0.15885571111732025
0.9994048901725616,0.0005951098274383586
0.9549353661701698,0.045064633829830225
0.9712573571460822,0.028742642853917665
0.9960779664455992,0.003922033554400856
0.9091512251509105,0.09084877484908943
0.980482013561221,0.01951798643877896
0.9562410940050587,0.0437589059949413
0.012589690286204859,0.9874103097137952
0.2668124532284476,0.7331875467715524
0.9740956075786612,0.025904392421338834
0.06192530549178579,0.9380746945082142
0.20743291598949162,0.7925670840105085
0.15758603918320063,0.8424139608167994
0.9857321176814943,0.014267882318505733
0.9997526716574414,0.0002473283425586681
0.9702643224004355,0.029735677599564546
0.9627953639231167,0.03720463607688331
0.6278648039946819,0.37213519600531797
0.8425920025116632,0.15740799748833673
0.09852962715191135,0.9014703728480886
0.9789586359952271,0.021041364004772817
0.9667802554108625,0.03321974458913736
0.5972452343616693,0.4027547656383306
0.9239394534629297,0.07606054653707028
0.12350730783188235,0.8764926921681176
0.9945084830418515,0.005491516958148567
0.9149066049044082,0.08509339509559179
0.9785166756068198,0.021483324393180157
0.965069137070514,0.03493086292948603
0.9422499061212035,0.0577500938787964
0.991714587789476,0.008285412210523991
0.9758437948981388,0.024156205101861096
0.9528820334343189,0.04711796656568118
0.9634256254743992,0.03657437452560079
0.9600558578028573,0.03994414219714271
0.3567518918319836,0.6432481081680165
0.1056467509612082,0.8943532490387919
0.970240684726124,0.029759315273875948
0.953055160202106,0.04694483979789397
0.9107939126431124,0.08920608735688766
0.9973330778822344,0.0026669221177656383
0.9889491436288516,0.01105085637114851
0.9537705847038098,0.04622941529619022
0.9452397246536551,0.05476027534634487
0.8744966220551567,0.1255033779448434
0.1906410407163763,0.8093589592836238
0.9947536721274575,0.005246327872542451
0.9447135886257476,0.05528641137425236
0.9645258989695619,0.035474101030438125
0.9921483731596948,0.00785162684030517
0.9996987695047218,0.0003012304952781447
0.947874954794941,0.05212504520505893
0.1952864248198783,0.8047135751801217
0.9909059118006954,0.009094088199304639
0.9524909651474918,0.047509034852508236
0.9725034160614047,0.027496583938595335
0.9642631237003285,0.035736876299671524
0.9529052919248945,0.047094708075105525
0.6265051245227179,0.373494875477282
0.9830124894808137,0.016987510519186323
0.9817323192356309,0.018267680764369198
0.9535926387610202,0.04640736123897979
0.998284673247593,0.001715326752407013
0.19315878079551457,0.8068412192044855
0.9772615227557438,0.022738477244256084
0.9732650510953196,0.026734948904680332
0.9791427148764313,0.020857285123568676
0.9984400761695269,0.0015599238304730943
0.9521904198509636,0.047809580149036426
0.9611746108758943,0.03882538912410564
0.9921009052388864,0.00789909476111354
0.9961810973338016,0.003818902666198509
0.9917688805053724,0.008231119494627629
0.8579294414307128,0.14207055856928705
0.9483833719983791,0.051616628001620916
0.9676685270584733,0.032331472941526676
0.9661228799910576,0.03387712000894239
0.9716764112888193,0.0283235887111807
0.972854303056746,0.027145696943253982
0.9510287784824447,0.048971221517555216
0.9628487555608594,0.03715124443914063
0.7293764105307068,0.27062358946929316
0.9911909382030062,0.008809061796993893
0.9465721011895414,0.05342789881045859
0.9580990801811703,0.0419009198188298
0.9398518440487623,0.0601481559512376
0.5989048166301048,0.4010951833698953
0.9943166892681432,0.005683310731856818
0.9455389407130126,0.05446105928698732
0.7683065961373094,0.23169340386269047
0.9452726634029485,0.05472733659705145
0.9910987940930353,0.008901205906964731
0.7018570543061216,0.2981429456938785
0.050202953163186056,0.949797046836814
0.9629139360286816,0.03708606397131837
0.986779088159125,0.013220911840875158
0.9897657649911281,0.010234235008871833
0.9865996792162575,0.013400320783742575
0.8838816881048696,0.11611831189513044
0.9356086411460848,0.06439135885391521
0.9638563292802697,0.036143670719730354
0.9359106638164585,0.06408933618354154
0.1845092542512187,0.8154907457487813
0.9472546248782646,0.05274537512173539
0.9615896215075107,0.038410378492489225
0.9536503576639312,0.04634964233606877
0.9797152270972691,0.020284772902730897
0.9280836562739583,0.07191634372604162
0.9993937658226161,0.0006062341773838889
0.9621170556762945,0.03788294432370556
0.9516418186891054,0.04835818131089457
0.5080333913542001,0.4919666086457999
0.9669551567686017,0.033044843231398335
0.9639165921939303,0.03608340780606962
0.966325560041063,0.03367443995893707
0.9466166945795859,0.053383305420414216
0.9766143375463227,0.023385662453677434
0.9586463418327779,0.04135365816722223
0.9938432267911406,0.006156773208859532
0.9469569952096475,0.05304300479035261
0.9906852910810989,0.009314708918901144
0.9717834135419745,0.028216586458025467
0.955817866096415,0.04418213390358505
0.9335039818343895,0.06649601816561057
0.9620140685587638,0.037985931441236256
0.16142362479502,0.83857637520498
0.9374530410553676,0.06254695894463244
0.9985535584024241,0.0014464415975757564
0.9831629200424101,0.016837079957589773
0.9959738789544886,0.004026121045511446
0.9626960416138263,0.03730395838617373
0.9958806888667999,0.0041193111332002005
0.7655930778797004,0.2344069221202995
0.16518888771375403,0.8348111122862459
0.9910875090312683,0.008912490968731757
0.9752625869919312,0.024737413008068736
0.9724008783017168,0.027599121698283154
0.9583862770858254,0.04161372291417471
0.9698549430682587,0.03014505693174126
0.9289427582486379,0.07105724175136205
0.9177542332355706,0.08224576676442943
0.9947636054040768,0.005236394595923256
0.9872541283358366,0.0127458716641634
0.9847643146647644,0.015235685335235566
0.9178318237471653,0.08216817625283471
0.09055545848544494,0.9094445415145551
0.9494938145071752,0.050506185492824845
0.9703104247308986,0.029689575269101466
0.9633884951523443,0.03661150484765575
0.986130294504754,0.013869705495245962
0.9773781512073001,0.02262184879269996
0.8318468100596039,0.168153189940396
0.9679556878877345,0.03204431211226544
0.961062028070781,0.038937971929219044
0.9526625782745245,0.04733742172547549
0.9880451521682982,0.011954847831701676
0.9309553143785703,0.06904468562142979
0.9591427001963438,0.04085729980365614
0.09828959626040756,0.9017104037395924
0.98237136032561,0.017628639674390004
0.9584857114480778,0.041514288551922095
0.9417027634242867,0.05829723657571328
0.9870252026070644,0.012974797392935476
0.9816881365096658,0.01831186349033417
0.9852830580559123,0.014716941944087729
0.935500872531947,0.06449912746805303
0.41071696471114333,0.5892830352888567
0.9643475481689224,0.03565245183107752
0.3987889601169324,0.6012110398830677
0.9909457819736066,0.009054218026393404
0.9980348382588266,0.0019651617411734408
0.9951878860936083,0.004812113906391635
0.9434617301491499,0.056538269850850094
0.9781194314591044,0.021880568540895713
0.9846193326436188,0.01538066735638128
0.9810346397527948,0.01896536024720523
0.9448646654301517,0.05513533456984838
0.9593942251590469,0.04060577484095306
0.9753521026605898,0.024647897339410158
0.9588405972690376,0.04115940273096239
0.9703558609723205,0.029644139027679452
0.9896291233288775,0.010370876671122532
0.9009095953639027,0.09909040463609727
0.9927473550591888,0.007252644940811131
0.8238017988202175,0.1761982011797824
0.8219093154003533,0.1780906845996467
0.9546119236433208,0.04538807635667919
0.9818439944905579,0.018156005509442002
0.9799291412103566,0.02007085878964346
0.9925820065642663,0.007417993435733735
0.9487655357919307,0.05123446420806932
0.9265459098901401,0.07345409010985998
0.9867086531261852,0.013291346873814822
0.9333783050593483,0.06662169494065177
0.9374177815920302,0.06258221840796979
0.9801448219841776,0.019855178015822383
0.9608033226553432,0.03919667734465684
0.994788850522797,0.005211149477203095
0.9517017594051619,0.04829824059483811
0.29404665946976655,0.7059533405302334
0.9959773706155274,0.00402262938447256
0.9857555592297627,0.01424444077023734
0.9979885035076853,0.002011496492314713
0.9830387399488736,0.016961260051126508
0.7472795831642318,0.25272041683576824
0.9733244985115377,0.026675501488462258
0.9938304381707308,0.0061695618292691955
0.9446957224032823,0.05530427759671771
0.9843644358483123,0.01563556415168767
0.9953958910875172,0.004604108912482826
0.9925514195645231,0.007448580435477007
0.8491048050851698,0.15089519491483022
0.958346633402807,0.04165336659719293
0.987305129641932,0.01269487035806814
0.9928264732362487,0.007173526763751308
0.9891686513948252,0.010831348605174816
0.9810711627981241,0.0189288372018758
0.926689740660345,0.07331025933965489
0.9698412772809966,0.030158722719003446
0.8665282245750818,0.1334717754249181
0.9900386489913143,0.00996135100868569
0.8903435505002559,0.10965644949974407
0.9723227151832797,0.027677284816720236
0.9993987118054936,0.0006012881945064302
0.9964963091416077,0.003503690858392331
0.9886014966655933,0.011398503334406727
0.9315778442724311,0.06842215572756898
0.9924236946216496,0.0075763053783503235
0.9647741537689055,0.03522584623109447
0.9697076877432512,0.03029231225674881
0.9911875234501879,0.008812476549812128
0.9710095969576876,0.028990403042312287
0.9399554995347796,0.060044500465220474
0.968105497962961,0.031894502037038974
0.9886938662175109,0.011306133782489118
0.19813267105673074,0.8018673289432692
0.7094771303814316,0.29052286961856844
0.03265279926483527,0.9673472007351648
0.993152618083621,0.006847381916378993
0.9511428133534354,0.04885718664656451
0.15635080034769067,0.8436491996523094
0.9948038870298621,0.005196112970137827
0.9467811910278221,0.05321880897217791
0.9979307840151123,0.002069215984887719
0.9822544475947201,0.01774555240527984
0.10321044930128154,0.8967895506987185
0.9677778097886478,0.032222190211352204
0.9404452298015582,0.059554770198441805
0.9863885188207497,0.013611481179250316
0.9697578545720302,0.030242145427969724
0.9968999870244218,0.0031000129755782125
0.9934584069368166,0.006541593063183265
0.9389689732856742,0.061031026714325844
0.9617926148734004,0.03820738512659966
0.9477592729205718,0.05224072707942824
0.96064723162031,0.03935276837969004
0.960363968535396,0.039636031464604024
0.9589055115201108,0.04109448847988915
0.96232334717943,0.03767665282057005
0.9902549836640813,0.009745016335918812
0.14982911606115337,0.8501708839388465
0.9861087294837102,0.013891270516289805
0.9129195654025166,0.08708043459748341
0.9840287030355227,0.01597129696447729
0.9531044987321329,0.04689550126786713
0.9622431517043987,0.03775684829560138
0.9366656926928304,0.06333430730716973
0.9252033302997043,0.07479666970029582
0.9142624924413958,0.08573750755860424
0.9785918161440728,0.02140818385592731
0.164018465883171,0.835981534116829
0.9797804683186235,0.020219531681376465
0.984367010938585,0.015632989061414828
0.979632969101224,0.020367030898776017
0.9888662193044093,0.011133780695590668
0.873760153145067,0.126239846854933
0.929098167347446,0.070901832652554
0.9410120552016458,0.05898794479835427
0.840503393991371,0.15949660600862905
0.9017486821960304,0.09825131780396953
0.9964464386090937,0.0035535613909062915
0.95695566824923,0.04304433175077012
0.860315094483059,0.139684905516941
0.9903480152073677,0.00965198479263228
0.9722213679240834,0.02777863207591655
0.9551562151422688,0.04484378485773123
0.9616474261684648,0.038352573831535286
0.9983063921030675,0.0016936078969326334
0.9875195695107575,0.012480430489242468
0.9487694317809496,0.051230568219050344
0.9829421961425095,0.01705780385749042
0.8652787680417808,0.13472123195821928
0.9673226383458368,0.03267736165416325
0.98830384511285,0.011696154887150033
0.9769456744425075,0.023054325557492452
0.9755459459249057,0.024454054075094305
0.9893029063045873,0.010697093695412727
0.9431477551797132,0.05685224482028689
0.7358101162754551,0.2641898837245448
0.5518416335783759,0.44815836642162404
0.9796729572567038,0.02032704274329627
0.9885836644218979,0.011416335578102106
0.08942318456283922,0.9105768154371608
0.9859058256859833,0.014094174314016748
0.9738441864797868,0.02615581352021321
0.949527594497527,0.050472405502472985
0.6458752404634733,0.35412475953652667
0.9687591498868623,0.031240850113137635
0.998891939456312,0.001108060543687938
0.968516160679128,0.03148383932087196
0.4684442856828897,0.5315557143171104
0.8824287523667781,0.11757124763322188
0.4576837628290671,0.5423162371709329
0.9943984266063338,0.005601573393666041
0.9750911353101767,0.02490886468982342
0.8835701505735319,0.11642984942646795
0.9807628142897394,0.019237185710260542
0.885855707166786,0.11414429283321409
0.9486766352724257,0.05132336472757419
0.9689486495068124,0.03105135049318758
0.9541932146460967,0.045806785353903215
0.8972329436454056,0.10276705635459449
0.9772348185357101,0.022765181464289862
0.9799723614940494,0.020027638505950542
0.9226559884544079,0.07734401154559219
0.9849117833875377,0.015088216612462296
0.964090202825581,0.03590979717441892
0.8950050879093531,0.1049949120906469
0.9608281385196799,0.039171861480320154
0.9892809594638038,0.010719040536196104
0.553081455144706,0.4469185448552942
0.9682044071106888,0.03179559288931128
0.846429228174214,0.153570771825786
0.9785614277606799,0.02143857223932011
0.963591878212142,0.036408121787857975
0.9172424302154661,0.08275756978453389
0.9604562924226597,0.03954370757734022
0.9557456753721562,0.044254324627843816
0.9561426134779406,0.043857386522059276
0.9877738071886201,0.01222619281137993
0.9756459298316578,0.02435407016834213
0.009602999672814961,0.990397000327185
0.945500887474361,0.05449911252563892
0.9343009867814226,0.06569901321857735
0.9625173677471889,0.03748263225281122
0.9953202169733587,0.004679783026641306
0.8811231163257787,0.11887688367422128
0.9997465129494613,0.00025348705053873834
0.9859717424021293,0.014028257597870741
0.9934738414996211,0.006526158500378836
0.9614925712200308,0.038507428779969176
0.9330110894903866,0.06698891050961348
0.967571725441071,0.03242827455892912
0.18842285828560923,0.8115771417143908
0.9605658011423794,0.03943419885762062
0.9904547549314161,0.009545245068583877
0.9232985052195084,0.07670149478049149
0.9939133258276137,0.006086674172386289
0.9428833637337208,0.05711663626627922
0.8937706071270435,0.10622939287295657
0.9966567245601056,0.0033432754398945016
0.17327644263914838,0.8267235573608516
0.9608951316974096,0.039104868302590405
0.12944085101953412,0.8705591489804659
0.9584062820414652,0.04159371795853483
0.9235986492020545,0.07640135079794554
0.9429832038642941,0.05701679613570584
0.9969277153179886,0.003072284682011413
0.9726415512574964,0.02735844874250363
0.9673920864159363,0.03260791358406361
0.96840886661935,0.03159113338065003
0.900957360037377,0.09904263996262293
0.9847458156677977,0.015254184332202228
0.9432797281489765,0.05672027185102346
0.10913704382343535,0.8908629561765647
0.9820902089356677,0.017909791064332395
0.9619860527499372,0.03801394725006267
0.9680890123870048,0.03191098761299508
0.9394469490107176,0.06055305098928234
0.9444527004704707,0.05554729952952929
0.9438376319776777,0.05616236802232231
0.9454043783831938,0.054595621616806235
0.9687500310454675,0.0312499689545324
0.9513330901589415,0.04866690984105859
0.9898051105434623,0.010194889456537718
0.9916021111322896,0.008397888867710415
0.8434063674648851,0.1565936325351151
0.9959132289257759,0.0040867710742240205
0.9707547260335978,0.02924527396640227
0.9804456494425918,0.019554350557408156
0.9844758579710996,0.015524142028900366
0.917271339177487,0.08272866082251294
0.9935348509660052,0.006465149033994672
0.731444353841974,0.2685556461580259
0.9643634814738526,0.0356365185261473
0.9699471148396109,0.030052885160388964
0.9904553728400506,0.009544627159949392
0.32470161194197417,0.6752983880580258
0.9910061027463927,0.008993897253607306
0.9886369616911322,0.011363038308867708
0.9863071227432202,0.013692877256779824
0.991985036269897,0.008014963730103115
0.9201254794335667,0.07987452056643334
0.8846310554208083,0.11536894457919156
0.9970357845489092,0.0029642154510907334
0.9713200536852932,0.028679946314706727
0.1809454589010911,0.8190545410989089
0.9342984644441379,0.06570153555586208
0.9499365005156459,0.05006349948435413
0.9774687754023643,0.022531224597635714
0.9519565588804911,0.04804344111950895
0.988594802230245,0.011405197769755149
0.9518972143621668,0.04810278563783317
0.9694483673851564,0.03055163261484367
0.5978641068494168,0.40213589315058323
0.061969053286250776,0.9380309467137492
0.952854788246228,0.047145211753771905
0.8193679229067307,0.18063207709326934
0.9824006487294983,0.017599351270501672
0.8726933192480562,0.12730668075194385
0.9765308275552326,0.023469172444767438
0.9974466510466897,0.002553348953310374
0.27203209081609303,0.727967909183907
0.991684607066086,0.008315392933914097
0.9340196084066497,0.06598039159335027
0.12115438696503522,0.8788456130349648
0.21482801301073223,0.7851719869892677
0.9652456743692049,0.0347543256307951
0.15345634875681746,0.8465436512431825
0.3753214341674694,0.6246785658325306
0.9523609805798496,0.04763901942015026
0.9720430772882452,0.027956922711754824
0.9892045099224076,0.010795490077592429
0.9948736055173949,0.0051263944826051705
0.9817707435118863,0.01822925648811368
0.9870515396630493,0.012948460336950792
0.8152674215532949,0.18473257844670524
0.9946976230325221,0.005302376967477814
0.9412161588683596,0.05878384113164044
0.8531779457351297,0.14682205426487033
0.9752581840018877,0.024741815998112322
0.992871473559278,0.0071285264407220505
0.19194516419154267,0.8080548358084573
0.9412710454916563,0.05872895450834372
0.9812656160626684,0.018734383937331595
0.4556151523378663,0.5443848476621336
0.9420340846005683,0.05796591539943166
0.9946074916840072,0.0053925083159928645
0.9980440898892889,0.001955910110711067
0.988629812521898,0.011370187478101973
0.9470738975593975,0.05292610244060238
0.9457340185385402,0.05426598146145983
0.9592893354015586,0.040710664598441505
0.9479984062323279,0.05200159376767216
0.09643332707998713,0.9035666729200129
0.9361263314982489,0.06387366850175116
0.9546642072714724,0.045335792728527675
0.9941393450225118,0.005860654977488195
0.9824761466097809,0.017523853390219016
0.7921927829932379,0.20780721700676213
0.9853663420613193,0.014633657938680728
0.7834534299094622,0.21654657009053774
0.972176934711563,0.027823065288437174
0.7765796001781804,0.22342039982181955
0.8816411281747036,0.11835887182529635
0.9427776894756608,0.05722231052433922
0.9747780854696003,0.025221914530399677
0.9988604219467035,0.0011395780532964547
0.9215735487357056,0.07842645126429433
0.5749843137341474,0.42501568626585257
0.00857766476269798,0.991422335237302
0.21765184094712867,0.7823481590528714
0.08166286900353542,0.9183371309964645
0.09093167630458097,0.9090683236954191
0.06608629851311335,0.9339137014868866
0.2817650404810649,0.7182349595189351
0.11252464168662654,0.8874753583133734
0.018215018074473822,0.9817849819255262
0.047889398342071565,0.9521106016579285
0.18029209341194807,0.8197079065880518
0.003295739987539127,0.9967042600124609
0.06059281765757772,0.9394071823424223
0.23549279779221755,0.7645072022077825
0.2119581398789905,0.7880418601210094
0.12434125769443603,0.875658742305564
0.15646687721480051,0.8435331227851994
0.2559432589028493,0.7440567410971508
0.087274591537636,0.9127254084623639
0.12236480149170101,0.8776351985082991
0.041636192118333686,0.9583638078816663
0.0027791171267720198,0.997220882873228
0.11771538699918375,0.8822846130008163
0.03197744065582208,0.9680225593441779
0.0730225265356137,0.9269774734643864
0.07811663675948985,0.9218833632405101
0.44626865077926237,0.5537313492207376
0.1361391439686487,0.8638608560313513
0.03134961756119667,0.9686503824388033
0.10304086551345243,0.8969591344865475
0.05512436157033005,0.9448756384296699
0.0320282007848042,0.9679717992151958
0.060259697303646664,0.9397403026963534
0.022602259210306692,0.9773977407896932
0.10919461079276521,0.8908053892072347
0.028166799998570708,0.9718332000014294
0.028214765530100973,0.9717852344698991
0.08350771944523089,0.9164922805547692
0.07736657021676137,0.9226334297832387
0.0009315463984465497,0.9990684536015534
0.048172840216760916,0.9518271597832392
0.08036936481318534,0.9196306351868148
0.05262920683758957,0.9473707931624105
0.14352281206512763,0.8564771879348723
0.3840946014625444,0.6159053985374556
0.20881879861381852,0.7911812013861815
0.16227320109430562,0.8377267989056943
0.04536474171846961,0.9546352582815303
0.06442130617795426,0.9355786938220457
0.00242645846245956,0.9975735415375404
0.041218403174529475,0.9587815968254706
0.05894135917964344,0.9410586408203566
0.046374671268981406,0.9536253287310187
0.051647290888472044,0.948352709111528
0.12049544446202023,0.8795045555379798
0.02207549730110226,0.9779245026988977
0.0814361558647805,0.9185638441352195
0.030515087260708833,0.9694849127392913
0.3746498707437562,0.6253501292562439
0.9340640409131322,0.0659359590868679
0.30502982294502007,0.69497017705498
0.46897655187622006,0.5310234481237801
0.005683218169407136,0.9943167818305929
0.03533976385061518,0.9646602361493848
0.13505426882370425,0.8649457311762958
0.16819331549417596,0.8318066845058241
0.06304989529653529,0.9369501047034646
0.08550567023848495,0.914494329761515
0.8367837717911156,0.16321622820888435
0.13144626030466267,0.8685537396953372
0.10695111953063453,0.8930488804693655
0.053877421515297744,0.9461225784847023
0.07978085882493426,0.9202191411750658
0.08568371593649418,0.9143162840635057
0.09338586538808026,0.9066141346119198
0.07113181384907384,0.9288681861509263
0.052022793875946716,0.9479772061240533
0.031784134779079244,0.9682158652209207
0.031863126491173496,0.9681368735088265
0.03299739868743614,0.9670026013125639
0.27433629627316264,0.7256637037268374
0.08406942456354743,0.9159305754364526
0.32501558123586166,0.6749844187641383
0.050067258191088454,0.9499327418089115
0.0673244325094247,0.9326755674905753
0.21093230020525636,0.7890676997947437
0.00996095238940129,0.9900390476105986
0.06380905222438393,0.936190947775616
0.10519722000534598,0.8948027799946541
0.05158716671708477,0.9484128332829153
0.022722101162058608,0.9772778988379414
0.0980457229063679,0.9019542770936322
0.18012690695583036,0.8198730930441697
0.239563194247643,0.760436805752357
0.10576086461034591,0.894239135389654
0.06940700170206716,0.930592998297933
0.06738573231107829,0.9326142676889217
0.09701018996554255,0.9029898100344573
0.048108226099828295,0.9518917739001718
0.3779130979929811,0.6220869020070189
0.2905695431040234,0.7094304568959766
0.049938765510519484,0.9500612344894805
0.2525501077853721,0.7474498922146279
0.0937130250158056,0.9062869749841944
0.2796990008264198,0.7203009991735801
0.012313208636488486,0.9876867913635115
0.01847228826785628,0.9815277117321437
0.029133072128306396,0.9708669278716935
0.10213175136013854,0.8978682486398615
0.08103057245370962,0.9189694275462904
0.09558681742850367,0.9044131825714963
0.039857371770410314,0.9601426282295897
0.16140616525952003,0.83859383474048
0.0688462265263354,0.9311537734736646
0.127092959486417,0.872907040513583
0.2819597037757884,0.7180402962242116
0.11387874632374381,0.8861212536762562
0.11779207064212119,0.8822079293578788
0.40045575494120556,0.5995442450587944
0.03141453318862273,0.9685854668113772
0.937356900971354,0.06264309902864604
0.05233424675065711,0.9476657532493429
0.061817561150412224,0.9381824388495877
0.060440508579887,0.9395594914201131
0.03811578342059222,0.9618842165794078
0.07584200435470018,0.9241579956452998
0.07671937173133454,0.9232806282686655
0.07251161057674456,0.9274883894232554
0.30042703929897613,0.6995729607010238
0.06677111003352235,0.9332288899664777
0.12610904452382843,0.8738909554761716
0.05266490124932994,0.9473350987506701
0.034135419794459936,0.9658645802055401
0.04261545711923698,0.9573845428807631
0.05381076881596309,0.9461892311840369
0.2073180232282919,0.792681976771708
0.09362557413675035,0.9063744258632496
0.008388224147679518,0.9916117758523205
0.03727287418373603,0.9627271258162641
0.07515706418905801,0.924842935810942
0.10832610398153307,0.891673896018467
0.18206271921440503,0.8179372807855949
0.04925854872416898,0.9507414512758311
0.052209370993801185,0.9477906290061988
0.09238373827346577,0.9076162617265343
0.10892356755077275,0.8910764324492273
0.11925550960542432,0.8807444903945757
0.23857797572792913,0.7614220242720708
0.05675504403698214,0.9432449559630178
0.7332171463453572,0.26678285365464277
0.008194051425894806,0.9918059485741052
0.1300442208635191,0.8699557791364809
0.9021549107587397,0.09784508924126033
0.18306053347415574,0.8169394665258443
0.032403712666792706,0.9675962873332072
0.06856544587806361,0.9314345541219364
0.007422402639485984,0.992577597360514
0.7573455326149992,0.24265446738500082
0.075364273148132,0.924635726851868
0.029401791760474374,0.9705982082395256
0.16937723707542857,0.8306227629245715
0.32822511940667193,0.6717748805933281
0.014568833224156842,0.9854311667758431
0.07059048534833845,0.9294095146516616
0.08692318740895631,0.9130768125910437
0.0820622196025598,0.9179377803974401
0.0679866066870368,0.9320133933129632
0.10318692738863819,0.8968130726113619
0.001728887390536523,0.9982711126094634
0.05413501308505729,0.9458649869149428
0.0473742412073248,0.9526257587926753
0.11498753933465715,0.8850124606653428
0.18691791942180974,0.8130820805781903
0.014764065698181441,0.9852359343018186
0.041982026889090175,0.9580179731109099
0.05665553248435554,0.9433444675156445
0.2971657676828765,0.7028342323171235
0.13379601821582424,0.8662039817841757
0.01881074965320716,0.9811892503467927
0.0013830172627423295,0.9986169827372577
0.13175159214281196,0.8682484078571882
0.22218212717975994,0.77781787282024
0.0034011363325465536,0.9965988636674535
0.0059431415074475405,0.9940568584925524
0.15395801303500523,0.8460419869649948
0.017364275909209574,0.9826357240907904
0.3366158253091656,0.6633841746908343
0.04656085478685753,0.9534391452131425
0.08137360064393698,0.918626399356063
0.3600293618288916,0.6399706381711083
0.25994580983418075,0.7400541901658193
0.08229902252559332,0.9177009774744067
0.23243414194146808,0.767565858058532
0.039050672965608976,0.9609493270343911
0.008663807375733806,0.9913361926242662
0.0070364054080928815,0.9929635945919071
0.02933313435772752,0.9706668656422726
0.07164873914149747,0.9283512608585026
0.100942584663933,0.899057415336067
0.1876393872062551,0.812360612793745
0.07370646639792347,0.9262935336020766
0.3095972211717304,0.6904027788282696
0.022731074758166086,0.9772689252418338
0.04897577672904503,0.9510242232709549
0.03511301272608929,0.9648869872739108
0.01521893020778575,0.9847810697922142
0.1477760202936304,0.8522239797063695
0.05363391625944509,0.9463660837405549
0.008000460843659773,0.9919995391563402
0.34799352671717937,0.6520064732828207
0.044828323967230084,0.95517167603277
0.01060603449722773,0.9893939655027724
0.1065604681886689,0.8934395318113312
0.05270448475599393,0.9472955152440061
0.20708132761399153,0.7929186723860084
0.17548428376380387,0.824515716236196
0.11049100751163624,0.8895089924883639
0.07595316528723577,0.9240468347127643
0.06717706839267229,0.9328229316073277
0.10090164895735611,0.8990983510426439
0.09120192661997992,0.90879807338002
0.016781626787038376,0.9832183732129617
0.28564261419470466,0.7143573858052954
0.1645180700926249,0.8354819299073751
0.1927012243940245,0.8072987756059755
0.06399927414001061,0.9360007258599894
0.14916805914125617,0.8508319408587439
0.009962308249742976,0.990037691750257
0.14900532037237516,0.8509946796276249
0.5476883646919523,0.4523116353080479
0.0032900513453765637,0.9967099486546234
0.09157325481433999,0.9084267451856599
0.12617369695940045,0.8738263030405995
0.022273340085604904,0.9777266599143951
0.02973877199861888,0.9702612280013811
0.0717273028561242,0.9282726971438757
0.24926463521800285,0.7507353647819972
0.044394511823036456,0.9556054881769636
0.047280587808799596,0.9527194121912004
0.1500935985686784,0.8499064014313216
0.6198930131734984,0.3801069868265014
0.1927923356693221,0.8072076643306779
0.035549626285597706,0.9644503737144022
0.3701681091794577,0.6298318908205424
0.05646308660059221,0.9435369133994078
0.1360813671865277,0.8639186328134724
0.018944329383797635,0.9810556706162024
0.020869818283964905,0.9791301817160352
0.009177163016943525,0.9908228369830565
0.012361255415280055,0.9876387445847199
0.0028584400168621725,0.9971415599831378
0.03687717423523518,0.9631228257647648
0.07438492759245295,0.925615072407547
0.18760630426467242,0.8123936957353276
0.035055990392507695,0.9649440096074923
0.12149491588129788,0.8785050841187022
0.03654947438729692,0.9634505256127032
0.004408067125279996,0.99559193287472
0.11699809597719135,0.8830019040228086
0.03211208438516481,0.9678879156148351
0.04440160177161404,0.955598398228386
0.10058840023148478,0.8994115997685151
0.16736099162807896,0.832639008371921
0.09586636634947258,0.9041336336505273
0.06611556203717829,0.9338844379628216
0.09945825388097933,0.9005417461190207
0.10792491279993596,0.892075087200064
0.13363594384052377,0.8663640561594762
0.06932477184204569,0.9306752281579542
0.01483007398822205,0.985169926011778
0.033433105289441635,0.9665668947105582
0.09059441481225379,0.9094055851877462
0.00873509880290034,0.9912649011970996
0.07228535660827996,0.9277146433917199
0.06290316053026453,0.9370968394697354
0.06555664772171697,0.934443352278283
0.08924757775658335,0.9107524222434166
0.027590514200695537,0.9724094857993045
0.02497057373787895,0.9750294262621211
0.02120630918613741,0.9787936908138625
0.047740398844892284,0.9522596011551078
0.03053034605481375,0.9694696539451862
0.017924259422386894,0.982075740577613
0.05391604136098011,0.94608395863902
0.00027251874869327835,0.9997274812513067
0.003576768089131954,0.9964232319108681
0.1419365871556011,0.8580634128443988
0.032121113826760375,0.9678788861732397
0.09681722206247476,0.9031827779375253
0.07582778756364483,0.9241722124363552
0.038127200175413094,0.961872799824587
0.06215956329021564,0.9378404367097845
0.1531853277878353,0.8468146722121647
0.02769730305222883,0.972302696947771
0.05873366482689865,0.9412663351731013
0.10485401098855575,0.8951459890114443
0.06271434123314118,0.9372856587668589
0.07185625163119314,0.928143748368807
0.19189314857104778,0.8081068514289521
0.016273214248848724,0.9837267857511512
0.03323077169875632,0.9667692283012436
0.0817622711548534,0.9182377288451467
0.06966907970175097,0.9303309202982489
0.11509480266522965,0.8849051973347704
0.09287551942329905,0.907124480576701
0.05609159867085863,0.9439084013291414
0.07142753718871436,0.9285724628112857
0.04640608388006099,0.953593916119939
0.1600629419248119,0.839937058075188
0.09809538636691406,0.9019046136330859
0.014230833831883427,0.9857691661681165
0.15742801563484551,0.8425719843651545
0.15498878171707403,0.8450112182829259
0.05635719908460875,0.9436428009153912
0.1578698147331337,0.8421301852668663
0.017236182690433758,0.9827638173095662
0.0025297202068295392,0.9974702797931704
0.03057672256773742,0.9694232774322626
0.19312328173463797,0.806876718265362
0.0650566281992277,0.9349433718007722
0.11915988474776762,0.8808401152522324
0.015690117035265433,0.9843098829647347
0.11579673919831754,0.8842032608016824
0.1667254322473003,0.8332745677526997
0.05013115426189491,0.9498688457381051
0.008495786226356493,0.9915042137736435
0.15316150827341563,0.8468384917265844
0.04463275521596274,0.9553672447840373
0.015390291255581922,0.984609708744418
0.025845978146771576,0.9741540218532284
0.09447948850671145,0.9055205114932885
0.08245557415714734,0.9175444258428526
0.05722853497119384,0.9427714650288062
0.030755178574803005,0.9692448214251971
0.05876330879018091,0.941236691209819
0.18048892355331034,0.8195110764466896
0.0594655413200328,0.9405344586799672
0.09262351948167141,0.9073764805183285
0.020097317271747135,0.9799026827282529
0.08530917952894831,0.9146908204710517
0.0730907860264929,0.926909213973507
0.007143949035885172,0.9928560509641148
0.002535784223274327,0.9974642157767257
0.06342829593111377,0.9365717040688861
0.09100130515074403,0.9089986948492561
0.14744609375592285,0.8525539062440771
0.11248245824856298,0.8875175417514369
0.17676282106449356,0.8232371789355065
0.17650185080039432,0.8234981491996057
0.003546860551765639,0.9964531394482344
0.05697221971652619,0.9430277802834738
0.058880294222921604,0.9411197057770785
0.13283318346261982,0.8671668165373803
0.05829345335842731,0.9417065466415727
0.013585925155206612,0.9864140748447934
0.014845813383529294,0.9851541866164707
0.0207768957437413,0.9792231042562587
0.09217516381513723,0.9078248361848628
0.050807034238360305,0.9491929657616397
0.09621932767942105,0.9037806723205789
0.13470691400486304,0.8652930859951369
0.032970648711921305,0.9670293512880787
0.008629784509558189,0.9913702154904418
0.030423068620613152,0.9695769313793868
0.09963449245583285,0.9003655075441671
0.08942452103395711,0.9105754789660429
0.039234477406902064,0.960765522593098
0.029316794728386313,0.9706832052716137
0.07121377286617624,0.9287862271338237
0.16721290049258797,0.8327870995074119
0.01254480952208598,0.9874551904779141
0.06709935685806494,0.9329006431419351
0.0038448950141875206,0.9961551049858125
0.05436574390088372,0.9456342560991162
0.0486356908577445,0.9513643091422556
0.07116772863825285,0.9288322713617472
0.11918010639949837,0.8808198936005017
0.0324475109886625,0.9675524890113375
0.14755273641710967,0.8524472635828902
0.02064743184935155,0.9793525681506485
0.14008459975130894,0.8599154002486911
0.07496016334097003,0.92503983665903
0.07507964650525666,0.9249203534947434
0.0651509141583326,0.9348490858416674
0.07235945550945257,0.9276405444905474
0.08140796820791633,0.9185920317920837
0.1065482058172369,0.8934517941827631
0.0543407406417671,0.9456592593582329
0.041551987394094006,0.9584480126059061
0.051017414666946,0.948982585333054
0.04538258055063847,0.9546174194493615
0.05982863392600775,0.9401713660739923
0.057944349602054454,0.9420556503979456
0.05747322303246056,0.9425267769675395
0.008612058036041407,0.9913879419639585
0.0258220693830159,0.9741779306169841
0.07916939816047931,0.9208306018395207
0.11912632835504845,0.8808736716449516
0.06605314551147436,0.9339468544885257
0.0699828522175856,0.9300171477824144
0.1129123010489919,0.8870876989510081
0.15284127222936003,0.8471587277706399
0.11571868082009173,0.8842813191799084
0.2630402810609793,0.7369597189390207
0.02588768076909776,0.9741123192309021
0.08303696329355051,0.9169630367064495
0.07579965002365054,0.9242003499763495
0.25117876409081796,0.7488212359091821
0.04916933113913577,0.9508306688608642
0.05738715897000724,0.9426128410299928
0.13815896740254033,0.8618410325974597
0.14618108781200528,0.8538189121879947
0.03150306459576564,0.9684969354042344
0.09821443411097597,0.9017855658890241
0.11159764741997823,0.8884023525800219
0.10428900864970919,0.8957109913502909
0.1069440589476525,0.8930559410523475
0.17767747289674451,0.8223225271032555
0.2936553296570187,0.7063446703429813
0.1378850180521267,0.8621149819478734
0.10117925647388752,0.8988207435261124
0.005286186999305925,0.9947138130006941
0.15501100439531934,0.8449889956046807
0.08791814637441604,0.9120818536255839
0.09709050544855569,0.9029094945514443
0.028992167019460884,0.9710078329805392
0.05521793421232136,0.9447820657876786
0.028052965229652994,0.971947034770347
0.0776944747278107,0.9223055252721893
0.0841546624862743,0.9158453375137258
0.001175777602306145,0.9988242223976939
0.18074115478614483,0.8192588452138552
0.03588392390529626,0.9641160760947037
0.017594002935664578,0.9824059970643354
0.026118994512089145,0.9738810054879108
0.018612660855470333,0.9813873391445296
0.04923225377322686,0.9507677462267731
0.018632027581384637,0.9813679724186154
0.11911802279520356,0.8808819772047966
0.07923196660651018,0.9207680333934898
0.008667429020980414,0.9913325709790195
0.02062235637909503,0.979377643620905
0.10697348217266052,0.8930265178273395
0.008271343557904223,0.9917286564420957
0.13154058019629128,0.8684594198037088
0.01622045646354478,0.9837795435364552
0.14429502388380352,0.8557049761161964
0.13818176689378606,0.861818233106214
0.06907198087083224,0.9309280191291678
0.08628831139942575,0.9137116886005743
0.00963432331539201,0.9903656766846081
0.0011281499179299052,0.99887185008207
0.0455673270100425,0.9544326729899575
0.05928002795558839,0.9407199720444116
0.005830715868684467,0.9941692841313156
0.08873278752354485,0.911267212476455
0.10036459253438432,0.8996354074656157
0.07566100027351338,0.9243389997264866
0.011372397950400962,0.988627602049599
0.04327123322130918,0.9567287667786908
0.07730834504101411,0.9226916549589859
0.009216878049345074,0.990783121950655
0.2780720735722203,0.7219279264277796
0.018155152175049892,0.9818448478249501
0.04680374050015682,0.9531962594998431
0.06328475071405719,0.9367152492859427
0.02200865198557586,0.9779913480144242
0.08999217163572343,0.9100078283642765
0.1254455067275028,0.8745544932724972
0.09613265460813718,0.9038673453918628
0.09600581418302635,0.9039941858169737
0.05709223458195235,0.9429077654180477
0.044498123013354776,0.9555018769866452
0.14949308187869112,0.8505069181213089
0.10895840224198061,0.8910415977580195
0.13278871510518328,0.8672112848948167
0.06911258629018606,0.930887413709814
0.11097238686694659,0.8890276131330533
0.09501974052257026,0.9049802594774298
0.023791014994763632,0.9762089850052363
0.08582195071504285,0.9141780492849572
0.04292821582079823,0.9570717841792017
0.1470465900121841,0.8529534099878159
0.11082495755366539,0.8891750424463346
0.14065063589921714,0.8593493641007829
0.02528492500654689,0.9747150749934531
0.017282093810244415,0.9827179061897555
0.017550990840968117,0.9824490091590319
0.2417077241559524,0.7582922758440476
0.004432082332022031,0.995567917667978
0.012078271524510709,0.9879217284754892
0.07076385121994572,0.9292361487800543
0.10095925823657477,0.8990407417634252
0.181574497650979,0.818425502349021
0.22914997401528167,0.7708500259847183
0.08457227755532465,0.9154277224446754
0.08975454043685435,0.9102454595631457
0.16300586473125775,0.8369941352687423
0.01739619805157047,0.9826038019484294
0.1908101595557232,0.8091898404442768
0.06753695290051938,0.9324630470994807
