cap-shape,cap-surface,cap-color,bruises,odor,gill-attachment,gill-spacing,gill-size,gill-color,stalk-shape,stalk-root,stalk-surface-above-ring,stalk-surface-below-ring,stalk-color-above-ring,stalk-color-below-ring,veil-type,veil-color,ring-number,ring-type,spore-print-color,population,habitat
0.016661170388787092,0.004544238279116845,0.03631989310656245,0.007533539220024798,0.2699958475462048,0.002504532820788706,0.023969357777290843,0.034541251263510625,0.0740683232891894,0.034345072909395945,0.05967683400340518,0.026772320292933614,0.015280150109081847,0.057694124487313675,0.050565794365398264,0.0,0.013253740674741402,0.005663740822355744,0.048310304437312726,0.09775413105557214,0.08328766190170725,0.037257971249306916
0.01892232339061013,0.005227210790736882,0.037306542769287285,0.0039913559786586335,0.2707324039873228,0.00499095289274066,0.027979656737890837,0.032025680830241494,0.07814497692283234,0.031975229144326905,0.05355647606594626,0.03304974786501985,0.014648198648131947,0.054664319748188896,0.051419665999273986,0.0,0.011205603085474755,0.009370598490107842,0.04356176798773899,0.09259646888736477,0.08377432354993951,0.04085649622816544
0.013075414821865463,0.006794783924350183,0.0382466510604944,0.00361896859328893,0.280797178329918,0.003759413150305065,0.02538603090478973,0.03565762760061356,0.07019105044784027,0.0332238621726075,0.05790576710123016,0.028840595933640318,0.01939547410466807,0.05007388472812676,0.054422258879620766,0.0,0.01030399992714566,0.009301975051847045,0.05194985874506607,0.09610183039387273,0.07511315741724105,0.03584021671146809
0.01446065013858882,0.005521186152106021,0.041747642706475706,0.0019584948573671272,0.27888201480612884,0.00302416899794889,0.02989050356602955,0.038193021458232335,0.06939205504879323,0.034008975255824435,0.059017868854325535,0.029396875724894706,0.01545812362385176,0.05545646218819685,0.05362895847172012,0.0,0.006905285143412658,0.003654988111294111,0.048376239585098985,0.0970982979298519,0.07795103800635915,0.03597714937349929
0.022152159891667345,0.0032088170013145163,0.03391091495822099,0.003361456206714571,0.2756700968514837,0.0030366480592136477,0.028569604873318024,0.0380000720728732,0.07202948349774957,0.03312315557149552,0.058330667673016014,0.03035662906578525,0.01804484566349043,0.05157718594746607,0.055083188743641126,0.0,0.011781667513682377,0.01103935189958405,0.046271054577272486,0.0936452960566224,0.07301256818602789,0.03779513568936098
0.01962279070877964,0.007228531954685523,0.034464785930491015,0.0026533824976356173,0.28161740038547856,0.00013018922538203921,0.0286699138734227,0.03650998592609043,0.07724188196646893,0.032131670828011216,0.05770288481048625,0.029603155290453858,0.017551263841943218,0.03976179376545088,0.04581276382997275,0.0,0.012189410052355652,0.00994370804300827,0.048481900547368735,0.09983448391403373,0.08055437234332971,0.03829373026515126
0.01734781452861484,0.006030353878547592,0.03309638441726828,0.0027144198641067467,0.2837452439182072,0.002396151931711689,0.028274122522812174,0.035894646276163164,0.07626284394121795,0.029999740989935807,0.05937358157890728,0.02752285286141441,0.014660993956386115,0.04667758180060252,0.05295907370442969,0.0,0.006166620558708445,0.00970576677560808,0.04517847040557161,0.10079725734209777,0.07824677489807845,0.04294930384961013
0.019375810036547262,0.007877906594890538,0.03999609608342216,0.0037428451876924023,0.2831291683427585,0.0006696761952308382,0.02662692524872711,0.036910410750457666,0.06044577752501995,0.03181770273572728,0.06332177775948072,0.02685710027083076,0.016134664677405233,0.04704197388618892,0.05743299650154252,0.0,0.010222524814260142,0.010265449581693346,0.05073735094813647,0.09073926048839424,0.07953019939197603,0.0371243829796178
0.01951224846962988,0.003700569311739547,0.04884719797423731,0.005807150666856827,0.2806391386834072,0.0007001086253668913,0.025948871929332283,0.03448801812768629,0.06626744575805893,0.034943523197252566,0.05856205408339614,0.02949954213711217,0.013637501023998279,0.048341669817551995,0.049119692460087065,0.0,0.011037239717797293,0.008664937708636106,0.044093338257374576,0.0982657092389257,0.07753701809292836,0.0403870247186246
0.019349966144247003,0.006095511330010384,0.039222551402431104,0.0013339668407050212,0.2821933040640925,0.0003234256602777795,0.026110364504124142,0.03608685543557775,0.060643451189910214,0.030256134882927926,0.06049575900508815,0.029921945603898645,0.01351390360374068,0.05498270235944968,0.05422298669296026,0.0,0.012944142395086948,0.009592481252952364,0.04885760597013111,0.09478456730812533,0.08163828184558622,0.03743009250867673
0.019324613077949103,0.006941674145423243,0.033913200869599126,0.00294904230447368,0.274185428078775,0.0011815759487293835,0.02948139360940854,0.039533753884225295,0.07212002090897293,0.033953970417217795,0.05438706431549845,0.031422529542693194,0.019401458012895983,0.045879676934476366,0.05556309159804563,0.0,0.00472005377331341,0.011098722443163164,0.0493680097876844,0.10536877048861328,0.07601434700140572,0.03319160285743617
0.014364661173334415,0.003143496480121699,0.03598084607343701,0.005220900355537647,0.2819848865485217,0.0010597786289786848,0.02562314359674013,0.036619830388240585,0.06923710724485098,0.0338449347939647,0.0629332657475013,0.028909747802467124,0.019633912006132,0.0516006564432149,0.04568041499728802,0.0,0.012573748790309466,0.008417019006292555,0.047791554909835186,0.09700039361281182,0.08076856893443449,0.037611132465985686
0.015215980293403809,0.00723832897279317,0.038125043516368334,0.004565653180038007,0.27058964311527034,0.006484978463371396,0.029906005971196883,0.032786700109351814,0.07275675483197422,0.03177646160104365,0.06392096410912704,0.032635523276749706,0.013710686389292893,0.04621466224613728,0.05497207640394573,0.0,0.011140458380137058,0.005739432712326607,0.045447544446416605,0.0971192023999331,0.07664223883800753,0.04301166074311487
0.015152115698943753,0.010940517780502592,0.03182114617406788,0.0012578274354661425,0.2807715505601047,0.003770347319144092,0.028174782574115594,0.03502924773544258,0.0773024908604481,0.03268351992380796,0.05878959084774848,0.031946412801804394,0.012988455373136148,0.0511899672675719,0.049149748758078884,0.0,0.012910624424274543,0.006695911745205384,0.041345802644089776,0.10098550624610292,0.0801314218444022,0.036963011985542006
0.021833348033511432,0.0009202288070543762,0.04245014246048299,0.002993318350714585,0.2700224971823042,0.0009664803327815243,0.0275302598451338,0.034201949076458044,0.06902963291451457,0.032480566281378534,0.05943726700419276,0.029676191511693057,0.015455124879166466,0.049358901859477514,0.06338954238294559,0.0,0.009694052233783388,0.007951943891005064,0.04755279006250922,0.10164490527506703,0.07840637200740139,0.035004485608424354
0.014622050904952015,0.009654056799053444,0.03909584726572536,0.0007613755939212418,0.2684271060122397,0.0022148708897063566,0.02583094297585596,0.037743087936323104,0.07397337883637728,0.0329678433689282,0.05789023216127692,0.0295301690763774,0.019349993833205997,0.055152178742223536,0.05175452890287865,0.0,0.005915573965785917,0.00916915979280534,0.04771480305339928,0.1013257606464346,0.07572181780471991,0.0411852214378098
0.02364107089044046,0.006714023041410751,0.040219425108601256,0.0038572715722518477,0.2778795943172375,0.0005745854759339824,0.028185282992349982,0.03619628678458138,0.07040491756954496,0.03330895311454219,0.06083064462213161,0.030660665941327957,0.01527324883972873,0.052115997992632036,0.052066243464514335,0.0,0.006876933023152578,0.00688839884108886,0.04213023746985524,0.09943333672051692,0.07368479265225486,0.039058089565902517
0.020855272026725668,0.0046751143896930575,0.03579695227898067,0.004728335920806347,0.2780609495611497,0.0033788467636578197,0.025644293948540918,0.03704945430622137,0.08177999414644775,0.03129990875005292,0.0592769224559516,0.027401932544589284,0.015526231462413125,0.04899704926554682,0.05218192987215383,0.0,0.006524660520584995,0.011283408106554798,0.043248224605487766,0.0977559107483494,0.07886629542825786,0.035668312897834384
0.014121290051195784,0.006307277810640422,0.035858546051785824,0.004422608160585004,0.26694708752919405,0.003936911837833886,0.02618060678567988,0.03604311427391554,0.07153105843198447,0.03376577335820891,0.06209142630230046,0.033541427902832835,0.01492813748807477,0.055142638641608864,0.05176688822574736,0.0,0.007636638598641245,0.010282698686647695,0.04595062928159157,0.10156319033997202,0.07964776245665299,0.038334287784906405
0.015199426887012837,0.00541824921330092,0.038871141302599534,0.00495115792365075,0.2669326032701527,0.0013950290279067664,0.0258177276712596,0.03854521728143488,0.06701969624086497,0.03400230452893819,0.06312823588216658,0.02946006168744008,0.012037098242485634,0.04925555444250549,0.05978507241318867,0.0,0.01258542112864868,0.011016208810560004,0.04656639293123045,0.10335199482128833,0.07777901008772642,0.036882396205638726
0.02228605193422556,0.0054362676462779355,0.042914709356590114,0.001642094300880463,0.26981782910611896,0.003716870248685007,0.024021236176247296,0.03803611464767168,0.07158971983534998,0.03273656157722793,0.056581965995818675,0.030278877945841137,0.013038296041096652,0.048588931803213095,0.05394945731572573,0.0,0.010852122624307124,0.009588776528589648,0.04856867093713282,0.09962909227647007,0.07865758878777708,0.0380687649147529
0.01825279739150616,0.010988169001512359,0.044679237498787765,0.0030452619559314074,0.2635549625660227,0.003369216351021006,0.027546903936232454,0.03407107530822144,0.06839407028594438,0.032003181446877374,0.06177208140515277,0.03094824700355321,0.015280054475575318,0.05539944110867949,0.054346958064547535,0.0,0.01223355583601198,0.008005193740413877,0.04569103189743368,0.0932945474603343,0.07610432163446706,0.04101969163177358
0.019134705287170657,0.009612223546483969,0.03974836633604626,0.0030934925769618873,0.27313814085802096,0.004085277462943907,0.02523202689403981,0.03601612034921037,0.06699807027378739,0.032950827981928534,0.06263506956175009,0.02961772712611765,0.013181865074268877,0.046524635847718564,0.06324053247580329,0.0,0.009810218622424649,0.00937591990815189,0.040579339671757586,0.101800374713446,0.07717051684743527,0.03605454858453256
0.024477354226544783,0.007929507870286194,0.04609720917008146,0.005943328699777266,0.2731994488541853,0.0020939330078993327,0.028529164257206755,0.03656011376774025,0.07041195859666755,0.03162469509684089,0.056685231447383876,0.026931349902924367,0.014813295308946187,0.049130895899326316,0.05616346190065475,0.0,0.008151437475460498,0.010024486571417598,0.03909375059445284,0.09279463620176427,0.08001026814902132,0.03933447300141807
0.018166778449835108,0.004762271084524377,0.038597443864653344,0.001186691344369319,0.2746182846336085,0.003956257903536603,0.02655529778818855,0.032954611066351905,0.06837365593874434,0.03375704736799251,0.0594994282318873,0.027449031306847043,0.01487877752922909,0.057802884268177715,0.05323003018667125,0.0,0.013910193304562463,0.009544857542275634,0.043527544456963385,0.09515568129886467,0.08109326731627726,0.04097996511643952
0.01589877569780655,0.0014345368416480596,0.035525982507984714,0.003370670271535605,0.26727159256600136,0.0012951810295915105,0.027417607996059308,0.036136178702511054,0.07422348126082777,0.0340829627643877,0.05839116664434476,0.030557080431261395,0.014502007248487412,0.05835558401465705,0.05379479140201775,0.0,0.008739472786801511,0.014051023417596877,0.04576381624651536,0.09842784731844473,0.07485332161264871,0.045906919238870914
0.018659917650550882,0.006372735792185632,0.04063914226175907,0.0022141827258803514,0.2776936853417457,0.0021355180185851272,0.02629738961076131,0.0368155424394272,0.07469367030933374,0.03174973015124562,0.06290850075126785,0.027871473987856023,0.014497513222640285,0.05875655665970034,0.050811337958373726,0.0,0.008950876167747614,0.009886243866748912,0.03838234007903555,0.09960801429281288,0.07640724996635892,0.034648378745982984
0.02263304524284175,0.002854806844115082,0.03976950139199554,0.0022682821584428204,0.2784099913094797,0.00276445327382221,0.02928136687722292,0.03672621885760603,0.06920155437386316,0.03139619255041316,0.05924504162361724,0.026816272378976387,0.016187083016312272,0.05338167807008086,0.04754431322595755,0.0,0.01218839152097798,0.011118507361111337,0.045811154102493534,0.10103363608134308,0.07084525113994329,0.04052325859938415
0.02015791684173076,0.007069657986833774,0.04008543154501045,0.005619167427617449,0.2847028533088982,0.0007566877277581473,0.029505811573732964,0.036142978614977284,0.06908223493041482,0.03032606738605651,0.057854912633095626,0.028816492362786317,0.02096307898202419,0.04961689901822925,0.04759616477619108,0.0,0.007209700290072372,0.010680983797511204,0.04591666631115071,0.09188878027695832,0.07649376587609254,0.03951374833285787
0.01934206202203256,0.0014916361040614211,0.03847631333015485,0.003308018940725615,0.2756909690919592,0.003723893768474757,0.02782919424019004,0.036168425933406266,0.0736807475915059,0.034565232165260376,0.062498006563876975,0.0309074793382878,0.01458808340779845,0.05117078613904398,0.049299014917783913,0.0,0.006822293388853972,0.011894976042242824,0.044252656615710734,0.10181394289528513,0.07518395900492085,0.03729230849842408
0.019412649270886883,0.002643616711394279,0.04050962165393502,0.0017847064821535695,0.2689783572853543,0.003990711018044829,0.028611879963135738,0.03629876563156042,0.0723767245799135,0.0321670431685739,0.05762714142330867,0.028688927150456213,0.018153007034037657,0.044757397333275904,0.05635344292998301,0.0,0.011216909691129713,0.00963333171128327,0.052021963752384034,0.09817464384885603,0.07771327003345083,0.03888588932688217
0.023256443985775786,0.006123669261973067,0.039695576312832964,0.003458411803680447,0.2782611311443002,0.002591844120359737,0.025476973842954297,0.03861836001056169,0.07906513485059549,0.033198929108327384,0.05930704746333141,0.032225540116340566,0.015283628637651581,0.046458011010240274,0.05187586647040343,0.0,0.011252876537549451,0.008345957869681085,0.04307981413393035,0.09908812829643196,0.07087358002015554,0.03246307500292325
0.015583226208721991,0.0058704895204092075,0.03615412079656225,0.0032707386070369685,0.2680022421104282,0.00264987778629313,0.027269221228651615,0.03547459545283333,0.07137403147434168,0.030222986405705986,0.0556702038967163,0.031971634974773365,0.017971932261117436,0.05355000858291772,0.04913381365054553,0.0,0.011251901424938836,0.006235046396978682,0.048322168639789706,0.10850074697622884,0.08411211735479067,0.03740889625021869
0.02052066021205779,0.0063254720319458405,0.043274673515538695,0.004474572778483332,0.2618911733365349,0.0034087416631057147,0.027995527744316732,0.032083729831519275,0.07384210403872603,0.03371955410634258,0.05931535500970566,0.02577059506901904,0.016627348838355517,0.050750328846927005,0.053272859972691634,0.0,0.007918722852003738,0.008537574632053969,0.043884338366010966,0.10360875857227693,0.08077895789807704,0.041998950684307534
0.016370586380941524,0.0079607932946279,0.042332550119294265,0.004940434851338518,0.2767909648143232,0.003400351953660091,0.02648376016043649,0.03620127059745739,0.07409233085718972,0.032739091347906375,0.05960149601172249,0.027404998697658257,0.01920907008095796,0.051316570470197,0.04761002856294593,0.0,0.008102677900888835,0.0120660954243817,0.042789318320042236,0.0941280658009056,0.0809780351633707,0.035481509189753915
0.02079440074357889,0.00699373683086583,0.03788519390396816,0.003473281154638104,0.2785531863911453,0.00386009620030009,0.026437120796641,0.03574878731277746,0.07486568306939435,0.03230096917131145,0.06024262340699865,0.027537252221905992,0.014914998117602425,0.05246098101492927,0.05775142924407279,0.0,0.011251600677977876,0.006867551032775121,0.05052057589733951,0.08983342939184223,0.07538649177717607,0.032320611642759546
0.019614396220994992,0.002259491211516218,0.046820973738463216,0.004316353874569104,0.2728235188068803,0.0006139263343377289,0.029723460955605737,0.034245112197456185,0.07503881242100299,0.03323271040399185,0.06232283747904545,0.030217332776167533,0.01914743390390952,0.046369271401090116,0.05563029373839835,0.0,0.014877814479429503,0.007959736252902947,0.04160964002784525,0.0902804260590232,0.0798134767445639,0.03308298097280582
0.02369064588790544,0.0087711889200602,0.04488319298495851,0.0041117113994223655,0.2737336331293838,0.00223843754270335,0.02789283225221396,0.03616704055282989,0.07497789719459642,0.030519755490976058,0.05997334783277025,0.02654094738011575,0.0160985295046858,0.04149974482762255,0.05182259804347486,0.0,0.010176599596831034,0.009260242988473841,0.04412933700054584,0.0996510811144648,0.07504949647664375,0.038811739879321766
0.021829421817623616,0.0032294317192915925,0.03924581720073743,0.005363376866425791,0.27695722509105336,0.0017475549242738364,0.0278812506602108,0.03623139729206188,0.07265812950999243,0.0310656639755493,0.06708455032707505,0.02692953234508477,0.01256300056476815,0.055570935246414974,0.051227840284635284,0.0,0.010090933937089198,0.007337817169350394,0.04054475269652495,0.09793618585207543,0.07789725721973703,0.03660792530002478
0.01866155480352466,0.002079386329797687,0.04068946339115888,0.00275694125326314,0.2742264494338985,0.0015862242244541337,0.028406967847088238,0.03902399185599351,0.08033263027558085,0.035130864897336994,0.05821198279159824,0.02655358496356827,0.01954814152706139,0.060272226919357415,0.0483919284860393,0.0,0.007440879719149813,0.009399150839531354,0.04236008422874826,0.09013232600771756,0.07608471915034559,0.03871050105478624
0.02127054761204665,0.002786006952368629,0.0395822395336673,0.004786785638694068,0.2710266098699595,0.0016461128514904243,0.027464323627379703,0.03665034963069555,0.07257976529909135,0.03393325820379479,0.06540755470942837,0.0251804633591964,0.015289840278627648,0.05420595443393271,0.04004229970632971,0.0,0.011391354216720394,0.012187985862148656,0.041364673153704366,0.10168335737015788,0.0826369738899206,0.03888354380064536
0.019916450410929574,0.010241686029091934,0.041364211057180834,0.0018719030365610687,0.27495464967335537,0.0018286900378698488,0.02811592311244093,0.03590743105831004,0.06433481851774743,0.030986575781791294,0.05785126310447821,0.028291380863217433,0.015143514726851732,0.053097892501249085,0.06012834100054994,0.0,0.007611887658598788,0.007932043167638672,0.04600068086411562,0.10239423210435776,0.07314166080443929,0.03888476448922523
0.02135251020375149,0.00797810797558913,0.04098331465310008,0.0008605720915346852,0.2801815299706121,0.0029761273358922626,0.028999495687284382,0.03632113311349448,0.07474674328864707,0.03242546489484057,0.06009431464356101,0.025121908044712263,0.01924440766686672,0.0458831374348401,0.05532637885494431,0.0,0.007622367619720575,0.010922118945152423,0.04536565497999808,0.08606763535117293,0.07900284739881211,0.038524229845473136
0.02056549434821401,0.005556496953400565,0.042486612336119736,0.0045502557547599815,0.27051770561801153,0.003319368415172841,0.027887276271727574,0.03665107029251676,0.07144452648797665,0.029707400020293737,0.05379654487062247,0.02455191809649985,0.017192664586074546,0.05267389348522675,0.059230355076416566,0.0,0.005653982178838606,0.012729085886278557,0.04798462180348263,0.0983353039045218,0.0776351389083151,0.03753028470552963
0.015877715838750958,0.00665154439514677,0.04089934800678347,0.0002719530981576806,0.2708210212492741,0.0023566327452528217,0.026316213738292654,0.03841081372770686,0.07730486887076995,0.03409327429177235,0.058707022509856766,0.025590921443770325,0.014750769962369162,0.05917585066792525,0.05789174820949805,0.0,0.0126700671607307,0.009623928746568606,0.04256688384177264,0.09275705953670102,0.07661274692509461,0.0366496150338054
0.01380615596997601,0.002358983582724565,0.04355883555368677,0.0052522105719211825,0.2689575949740231,0.002714558529244658,0.028523906739005768,0.035729599918328206,0.07559960428786207,0.03231793161929748,0.062477023865838525,0.028738516093584437,0.01563715469926624,0.052037947446961344,0.05455570088209522,0.0,0.007068365652145769,0.01063786757548772,0.04325699562300276,0.10018908689140464,0.07807431398394933,0.03850764554019453
0.01788153983556725,0.004906478569349685,0.04082510090949292,0.0029422877886470123,0.2778211485332536,0.001752452391865644,0.029092218844081537,0.036991064161551485,0.07125379560174731,0.033356489216106566,0.05514941923621237,0.03322625174648591,0.012769878898168966,0.044482342313387324,0.06053230089207344,0.0,0.009414965623626616,0.010359400749707409,0.04407952866863398,0.10033717410399412,0.07494755482666429,0.03787860708938222
0.013979831650050574,0.01048276199362024,0.03635881722721098,0.0012913467749002528,0.2811918453588723,0.0027882834992725104,0.02790539235491466,0.03672290174715395,0.07628403063701816,0.030653238555072806,0.06326160668393935,0.030655052472771862,0.015407768205685946,0.05351115050957755,0.051299648690248716,0.0,0.01065720910106288,0.012423830294248343,0.04584908099231976,0.0934763797559443,0.07007184220173424,0.035727981294380456
0.020265972904362103,0.006557080808366835,0.03985250466610609,0.0017948463362772267,0.26260452509544235,0.0024958100569960557,0.026057429892180337,0.040807433829168495,0.06941134217116712,0.033664137094034687,0.06019835669428364,0.027626330455962127,0.012798060533281442,0.05231917635622947,0.04934933838208242,0.0,0.013447410964383542,0.007741777847181675,0.0511000359816372,0.0985596873783068,0.08262885712264251,0.04071988542990762
0.017995556655281356,0.0027993430564587354,0.035562732771212004,0.007623853367707626,0.2738846363824205,0.003980498069526615,0.02699982728138901,0.036815761529354236,0.07259183882527068,0.03287825069584529,0.05739592728843655,0.02886892228642752,0.020952010249655616,0.04919158749710387,0.049495350908703495,0.0,0.011273073515994823,0.013908467313246345,0.04826966920169165,0.09948703180814523,0.07437891472060967,0.035646746575519035
0.020793815118343217,0.006388424266845468,0.03446784805014225,0.006926758812667649,0.2776136966498777,0.0012011746861581608,0.026768870363943712,0.03550744429311025,0.07467873167345987,0.031062195915173063,0.05508989525906144,0.03217211587638428,0.01442783628330031,0.050187543953938735,0.05674318392619788,0.0,0.01158334725367398,0.009441813293294913,0.0490993856924975,0.09202366785521847,0.07562648606267187,0.03819576471403911
0.01407222937808082,0.00213455311193681,0.043662586564111004,0.0036968291478216525,0.27782545408304404,0.0020127409228584167,0.028737456706740713,0.035714935437874296,0.07287028910634097,0.03224096161591824,0.05835827871855592,0.024266750564885548,0.018233849057080687,0.05836442665605021,0.053233128126651486,0.0,0.007718682935155828,0.00960688850939301,0.04574071333391978,0.0988068534337452,0.07362019688395319,0.039082195705881916
0.019172686077661143,0.004686887426559451,0.04074835782891013,0.0028838618388984352,0.2738866930233679,0.00047750336030105,0.030499416805715933,0.036218176320902164,0.08204548061668354,0.030045858338100667,0.06086444558735556,0.02592512551286096,0.016420449928131728,0.05939237909774394,0.04627020013515898,0.0,0.006476733890154625,0.0064030269846144594,0.04762061893611506,0.10199530677647807,0.07403229148067725,0.03393450003360901
0.01943604531967568,0.003298043934311194,0.038072367596142055,0.005954621473661249,0.2686139218178488,1.6896758098762404e-05,0.027817327506291144,0.03554815176550443,0.0750778097538148,0.03798238307137078,0.05943784703271013,0.02848075770273108,0.011916867210334863,0.05537978047188306,0.05492742973147443,0.0,0.011156226366040866,0.011572462700316422,0.044723906318797135,0.093738029737738,0.07832145002174942,0.03852767370950588
0.01859056605672696,0.005316215982101304,0.04537864751043462,0.004677154228180506,0.2742521984617177,0.0029689532790283645,0.03096079287868515,0.03719947515375243,0.06995334316148827,0.029633359030765388,0.06138730310571575,0.02876276985626495,0.016756895579723097,0.05163491976893418,0.04422293923963786,0.0,0.008503308429641641,0.006981007841565454,0.04580979163393778,0.09389767042935604,0.08357063732689694,0.03954205104544549
0.021383416382764017,0.004268549705360315,0.04434436373870745,0.00254671694998888,0.27843385024665873,0.0024957125052857266,0.02793555387096921,0.03688472788432165,0.06762625864326427,0.030738334171212307,0.060497688707391487,0.031733670213150905,0.014285562065061222,0.047421205521736426,0.04961053193985766,0.0,0.012700960119570507,0.009665075482366451,0.0474528903970346,0.09329546467856956,0.07997300873469672,0.03670645804203193
0.016851768840693986,0.011634909898460579,0.043528998033614985,0.004495214345747751,0.2803407544631078,0.006472818901343454,0.02736750174832191,0.03527283621810556,0.07050100294541625,0.030018005271454,0.058983434274917014,0.027885854873883318,0.020133176929608417,0.04672265802605925,0.05888512446409379,0.0,0.01208369046914302,0.006833601281103637,0.037748198648124516,0.0941468002667784,0.07624039502338821,0.03385325507663381
0.01920389891849748,0.007187266711692111,0.042969472187438,0.002942587048440654,0.279366846468448,0.003825631576738007,0.028120578591587116,0.0361664723954696,0.06265445867146567,0.03284597307766482,0.06139583000020196,0.02819262677139633,0.010283995863153315,0.05780870333084489,0.051801606802889935,0.0,0.00859869220984456,0.00927887369807306,0.0487491547640363,0.10539780066057873,0.06638092203076879,0.036828608220770685
0.021527304747271284,0.003931481270068306,0.045481548685234297,0.003329770831976233,0.2699057950722581,0.004320120665142596,0.024931306286057785,0.03413559314099253,0.07282485692471835,0.033558320076680234,0.06317982543573965,0.028321878878340107,0.013897925847973162,0.045280216848736114,0.04845677735102285,0.0,0.010801908650888807,0.0104575694800748,0.05279089975906867,0.10365134531823243,0.07617426392009763,0.033041290809425965
0.017286450717117742,0.0033117620709093827,0.0414451291819336,0.003683202263821893,0.2643375826129247,0.0018956893337593406,0.027862813225449697,0.03582537139255403,0.07509355491674345,0.03254846908070225,0.06477531077808607,0.025652250333861617,0.013568728215217894,0.0492566319523614,0.057377545398175675,0.0,0.01078610624464951,0.009148792510095493,0.04640834084284631,0.10198031831670193,0.08299513357974092,0.034760817032346895
0.0177941469420788,0.004272820766853668,0.04153450312125055,0.0037570819717496,0.2711134344282222,0.00039978434073386433,0.027362969889211875,0.03497293918027404,0.07326656466270798,0.03262199755353445,0.06317474581943541,0.02708468898215778,0.019522132701716082,0.050691216652377184,0.06183532946687007,0.0,0.008315634691237646,0.011159744102952335,0.0405382713848608,0.09622832598691568,0.07760092350133585,0.036752743853524235
0.018325380791047827,0.00425805325894912,0.039839696293745334,0.0015998879511826675,0.2752408162276531,0.003124503229196194,0.0286992378216777,0.03684143820750512,0.07493027788974546,0.034773609282951534,0.058256664087659324,0.024112880532240432,0.018266968149762038,0.051094700849588434,0.05505617846673054,0.0,0.008740874662885527,0.010160658505980788,0.04629107672330242,0.10054199827379597,0.07810218550423892,0.03174291329016166
0.01290738628769977,0.004716137893349032,0.038924340106272215,0.002782319187295265,0.27411049989083336,0.0017458545397359148,0.027417498677910275,0.03492983674864756,0.07375646009213267,0.034755704735760264,0.05896901314417224,0.028188572326848512,0.01883868233279229,0.06201339088661464,0.057095029096726375,0.0,0.012341827479732405,0.00661615717383849,0.0441127292148634,0.1013312952686013,0.06778612325348535,0.03666114166268904
0.01987408940900617,0.0015205806492138705,0.03935552750897107,0.004840452912751218,0.27461223041912064,0.0037622911827185812,0.02922381731969817,0.0347666532360891,0.07279283227671099,0.03425911523563937,0.062476480248225164,0.030069073883604407,0.017510518324687724,0.05410770810522364,0.04075387808744084,0.0,0.009029232218007834,0.009014759969956845,0.0512614401590509,0.09184006388416924,0.0836410716373089,0.035288183332405146
0.018575911004577544,0.0069197272936818545,0.0363943538268126,0.00524992925524254,0.2784870994007293,0.0043478045956464205,0.02844828027941384,0.03388967529975129,0.07249232119534993,0.034165517511628024,0.056992974237039126,0.02989197333969691,0.012358333238116128,0.05895833060850751,0.05564516154782171,0.0,0.007832736071307904,0.010337673398144773,0.04012765054507796,0.10049578240106737,0.07279957272167867,0.03558919222870861
0.019690861626447908,0.004215121038484506,0.04649349494400727,0.00559224253070651,0.2753057677690126,0.0008277593694663478,0.03035497298371345,0.034680116195496984,0.07227038045507614,0.033741140679878164,0.057419598500659925,0.029425003361010383,0.014715129467919419,0.05277141771262196,0.05354239761776701,0.0,0.011810129520461449,0.005318789260281065,0.04214631906937593,0.0996856044411846,0.07595299831012556,0.034040755146302754
0.014708241535018419,0.00840782205419908,0.03615591430210705,0.006700029417191915,0.2681067603579805,0.002382680587515709,0.026744820331181404,0.033323133331454334,0.08108911273225543,0.03429595418638556,0.05773345153937296,0.031090990188462037,0.019687398304695444,0.05069964708064815,0.05931781529620669,0.0,0.006521209469848453,0.009774853484755413,0.048045180063458544,0.091783489443475,0.07880737309629629,0.03462412319749165
0.02032036567894415,0.01133740725208448,0.04167371775695037,0.0037182675686633438,0.2788494720409357,0.0025500183517572755,0.02467863193177786,0.03644009451260871,0.07660893613548939,0.035400605014676234,0.058402147337698385,0.02399028661166202,0.015226904459237847,0.05066521673486394,0.05314740924504069,0.0,0.006931814488128561,0.008835274958272491,0.04545439461186692,0.09360869668653066,0.07215763398793741,0.04000270463487377
0.02110060570891714,0.004169892676928732,0.04537885959100273,0.0010432843695086721,0.2706322672203274,0.0019523850797606669,0.0285687083651877,0.033372116223911674,0.07556463306177237,0.035048630467026144,0.0627281796274486,0.025520613224316285,0.0133782599327203,0.058107515322047575,0.05435385194854225,0.0,0.006339622786224353,0.009842891226670416,0.04325092963181637,0.09252051792299994,0.08107199655431432,0.036054239058556176
0.01714044312120799,0.003263654724275393,0.04362694061975398,0.006437093541996046,0.2729995892005882,0.0024921485581951212,0.0265019474864997,0.03622344687701298,0.07432753315674588,0.031084038564838174,0.061370225398949714,0.029675973935421124,0.01488918713609804,0.0419451576640981,0.05187471135680855,0.0,0.010152272529154457,0.006681014341978847,0.051760314614027185,0.09436472254122492,0.08058615326845868,0.042603431362666866
0.01259752520014687,0.008177658445059657,0.03570419533429936,0.0001003099148372872,0.2795882488927133,0.00026579547950999447,0.030763114423232443,0.03611228241700302,0.07597078082113934,0.03459818443535754,0.061372494735098676,0.027710799905455483,0.01653013908228207,0.0505655262235771,0.050398976154896406,0.0,0.006446946227160799,0.010333460751827924,0.045348981459628734,0.10151864463056763,0.07601107968286759,0.03988485578333861
0.021013355038675772,0.004089981804171028,0.041921229515835434,0.0006742881239741818,0.2692943058870371,0.0018541248936853267,0.027325920953433232,0.0372133457832127,0.06806598714615357,0.03557644935741509,0.05940305942583043,0.03163528167397027,0.014284182838707438,0.051010080657,0.050037168445007,0.0,0.007562349338860494,0.011092249850173024,0.047430350217676734,0.10301510550382167,0.0790037830948405,0.038497400450519
0.020323233546930216,0.0067932210572008355,0.04119251077270083,0.00018785596121916948,0.2740315816097533,0.003263832967739417,0.02660405658879301,0.03453355842700859,0.06796197748695497,0.02766586955247809,0.061760191902653576,0.0272014392129912,0.01670286225249167,0.04549384531795871,0.05391757689187263,0.0,0.011676579460002908,0.009822685023292744,0.048624566898303766,0.1028536571797083,0.08561020591810993,0.033778691971836285
0.022070339273059,0.007100121710614813,0.039410069045180136,0.005773561990245314,0.2798732399915865,0.00031719986150082315,0.02827121294618212,0.031699558525275326,0.06371215891324444,0.0344911162364267,0.0582451115893747,0.02912421674056801,0.016174488808792704,0.052181411718548336,0.05490248132984578,0.0,0.011760810188236928,0.007333409889866767,0.041914036029248966,0.10134201071712844,0.07684923564682992,0.03745420884824427
0.016032331731143105,0.004241528609826809,0.03581516913839308,0.005058600928847659,0.2804808954305136,0.0009314783500123855,0.027791301345322164,0.035222257166852705,0.07344417263606325,0.03289974552242094,0.05944089691603476,0.02322246499528329,0.01421942919288959,0.05958722783149015,0.05667430885948339,0.0,0.009565157412842591,0.009105874680410716,0.048327612088452584,0.1002699297428264,0.0733548810362266,0.034314736384664174
0.0212318221044928,0.010912213573179692,0.05026477528381487,0.006178421493636733,0.2688201713553165,0.0016900545593483858,0.02769889532094976,0.033770426887980376,0.07121060436645132,0.031769664041187314,0.0636142288744541,0.0271005152241397,0.019029435426818564,0.05252880567688395,0.051217251725254584,0.0,0.006430581168996632,0.0083369760110179,0.04426094054120165,0.09199188570667093,0.07157072639610401,0.04037160426210018
0.021981898385225428,0.003313650194464159,0.044402864308632564,0.003715141620694583,0.2797614539093447,0.0015095294032919544,0.027984572152750197,0.036334897430577134,0.0750775336451708,0.0347393989336599,0.05684563359247519,0.026531741005129443,0.015293255442512654,0.05457148920366881,0.044118093364981716,0.0,0.005509546501277252,0.008828670829369221,0.04610284728186508,0.09801842086630136,0.0767876970465686,0.03857166488203925
0.013995547587174572,0.0038947040704456967,0.0373113787613157,0.0051246909367640495,0.2777265177176768,0.0010898134192534616,0.02814972057692218,0.03564095912655961,0.08084255727852656,0.030034469285063342,0.06760134438277478,0.032805271330180026,0.01555751414250233,0.05835054548545121,0.05200014989034445,0.0,0.010321916478747648,0.008734942781955447,0.0398622145838554,0.09723681523021477,0.07182384327013358,0.03189508366413848
0.02041950787245349,0.004237661113223342,0.04128458962367662,0.002915453048753249,0.27336232835312346,0.003304608851218327,0.02937882389637848,0.03571376705933403,0.08213331413787367,0.029466905516710832,0.058137680699364765,0.025244751249833837,0.014533671006241531,0.04917749520754231,0.050654433766140594,0.0,0.009521720107739556,0.011582670598514248,0.04065628290325948,0.09692816763919644,0.07724180936182662,0.04410435798759529
0.014835583239824972,0.00380431185312189,0.04058366809457304,0.007092615117541909,0.2850056877689595,0.002957799296085384,0.02560322918181745,0.03890537444543614,0.070970920358118,0.03401178010699527,0.05285788562191997,0.034667328342742124,0.015499966439408246,0.04826184439345243,0.05767522942576084,0.0,0.005592701013384853,0.008425863741729767,0.04180713861279773,0.0984777486088128,0.07839396176396375,0.03456936257355385
0.019855101604919483,0.004193927405012148,0.03657797145077397,0.004234086758581863,0.2725762702794757,0.0017388307834675422,0.02935439894919809,0.03748355182318151,0.07009840267985387,0.03498650846512845,0.05922611694805481,0.030294721129316082,0.0165194322547914,0.05512547944039527,0.04669036097368336,0.0,0.006634413141663206,0.0070605740159691045,0.04598133091173246,0.10271113354636628,0.078720480748589,0.03993690668984642
0.020514268155772442,0.004362945085453248,0.03816036474361968,0.004760245274342452,0.2771794522921311,0.0019273169795409727,0.028313786852813126,0.03899981269453591,0.07163675147873184,0.034652161669945086,0.05830609329473694,0.03107409929006632,0.015216542465445947,0.0490381243528595,0.04728939654996051,0.0,0.007769713328230027,0.005538518352983926,0.05739258162396035,0.09233691866835199,0.07764432814882005,0.03788657869769856
0.018208111798625727,0.0026630969132984622,0.0444642881965388,0.002145609021357056,0.2689728002410109,0.0002632479879267128,0.0261110361436166,0.03291452190401579,0.0780919228262453,0.0303363144101174,0.058428873395169625,0.02915510703633657,0.016529145183525475,0.05148146567959012,0.05538954494321359,0.0,0.010499328876822209,0.010263665072096804,0.04667098007550078,0.10385506442831573,0.07435179571877865,0.03920408014789799
0.020212042420805397,0.006568179990188324,0.03856135805762275,0.003846899140080163,0.2786959099663314,0.0003668623126877378,0.029952528752795114,0.03495164695582922,0.07474516367550177,0.03264870788699874,0.056123355342627135,0.02517237519476446,0.012908349253548966,0.05524962021855792,0.04982849240618202,0.0,0.011307017990342285,0.004873090623592817,0.04059343704398368,0.10315304681462653,0.08212279184484965,0.03811912410808424
0.019596772772257683,0.00689929278280985,0.03852778508304624,0.003343493688364664,0.27371760546507184,0.002568458271589821,0.028515753806837223,0.031431441942098286,0.07819280483906005,0.030437844680811788,0.061548462866714684,0.02682960995864038,0.011802575231581515,0.0602807658035134,0.04967111368297266,0.0,0.011448756869140406,0.008756949857510611,0.04158388934889972,0.1007318288441419,0.08475359149949091,0.0293612027054462
0.021775843648524473,0.0074598726671021125,0.04690974645155007,0.0034596882768629304,0.269419304101862,0.0016936538365235213,0.02685795844176473,0.03624148444047453,0.07401262600742914,0.029453611550333138,0.05900821164255536,0.0257158916062266,0.01875174649763476,0.04654708601266231,0.055421909478050695,0.0,0.009747965465259871,0.013470818111644984,0.046047415847687886,0.09362436709372927,0.07477921334220587,0.0396015854799157
0.019438093352448185,0.004426217221610401,0.04291087373745461,0.003470969128394157,0.2732128716329859,0.0029999683457126057,0.02643747954288933,0.03484265623626602,0.06732880529215551,0.03463752095004501,0.058068972991671526,0.02817809540454958,0.014258569283533397,0.051648704486340784,0.0564347671758542,0.0,0.011117173758440771,0.008374823944295541,0.05148352854201137,0.09430911124247253,0.07794832997134013,0.03847246775952872
0.022577149839315552,0.005434045825738575,0.04032739868144058,0.004065098924937294,0.2838724362794528,0.004331351138691896,0.026158485113403872,0.036656662036745856,0.07394317479824497,0.029680512837259043,0.052611396802079546,0.029751232530087556,0.01255420642128231,0.0489646203057565,0.056713288339589635,0.0,0.014199205128511763,0.010365879633517587,0.03676165772977509,0.0966919779059161,0.07661998341131877,0.037720236316934594
0.01667363174782118,0.00624801920495828,0.04477917185769533,0.0024159818443649627,0.2772859863122472,0.002896829795414626,0.028756406936229783,0.03415256810266156,0.0749877955245216,0.03258716638691335,0.0603401790338372,0.02760834868944964,0.01450225180616082,0.049215095956436895,0.046190231890220916,0.0,0.0030341130195012233,0.01365040090112158,0.05210562059312165,0.10093583804093027,0.08110896606709772,0.030525396289293925
0.0208086930886084,0.002000905642686477,0.03740395740088101,0.0021376726164450675,0.27025412016192,0.003260331010063227,0.02677396183204909,0.03579032501859066,0.067830969209178,0.03512164666098585,0.058585084799259175,0.02678958550532747,0.01539026798798998,0.046981055423063335,0.06445386295434767,0.0,0.01498213667844264,0.007641568450052046,0.05004993873223647,0.09356488973362022,0.08084108633936367,0.03933794075488958
0.02119191752698375,0.008448553659536905,0.04128551645711115,0.0041452942612891525,0.2755044490317162,0.0008041640022022117,0.02551238163471518,0.03590374033458127,0.07603878135552983,0.032144365192188544,0.0612031008618155,0.032910376025965964,0.013840233295875021,0.05300877552037863,0.04521444719767054,0.0,0.010458859111090405,0.013391718502786884,0.040193232479450586,0.09112642048936853,0.07776063535687883,0.03991303770286511
0.028825338009812924,0.008942053200150249,0.031043922524410787,0.0006670888646140394,0.2322023235181252,0.018691317048555332,0.02058711645297613,0.023687343712319682,0.08583752920444357,0.026615301523891795,0.03574342028190153,0.03187706089861427,0.02802698802568476,0.07558424436510891,0.07723481889086019,0.0,0.009042217726411988,0.01187551039222252,0.07797951004384568,0.07597935736438742,0.07511866750535927,0.02443887044630365
0.018839266186969364,0.002389444700585464,0.0479492524992378,0.00348826428553936,0.2725738846458652,0.0011240195935863,0.027210712429027763,0.03522596929213878,0.07643786788309836,0.030961197448392774,0.06308767403274397,0.030945868794066567,0.016507385323557087,0.04886369211750719,0.04893977602327804,0.0,0.00902865868309488,0.008416067940866263,0.047752795877509885,0.09243808136137634,0.08220193829008315,0.03561818259147564
0.018483097911763644,0.007119131987504161,0.04320118057091149,0.00287394225489565,0.26615770316250664,0.0026654933244582967,0.0270184299248349,0.034934247529002205,0.07775227512371108,0.03413955706374476,0.06568603456372425,0.02895479644105762,0.01265844354001533,0.055023504709796695,0.051441527055537915,0.0,0.009646751646405905,0.009880432520887036,0.042856041261228765,0.10130265583161216,0.07836844704454611,0.0298363065318557
0.020361755745215645,0.006999862795914091,0.037426613355306254,0.0036028590946951345,0.276203994048738,0.0006990407942081529,0.026077417013458545,0.039356024619143296,0.06759804058336832,0.03325501875810774,0.059673424176444424,0.03311066297150203,0.01936098300865945,0.046279978970562505,0.05239972340272228,0.0,0.006873744866352668,0.008317482587867905,0.04269823964373076,0.09665456514749947,0.08673220485788424,0.03631836355861902
0.01458013660789594,0.006468600098586807,0.036070678924558223,0.005993867097959922,0.2714491406304467,0.0043204363418493505,0.025386298113909796,0.0343587329098712,0.07548233078541901,0.03148403369234334,0.06113427095758734,0.029274700794472287,0.019780480420840213,0.04960912869094559,0.05346905015913945,0.0,0.008544276272072899,0.0078075331645736795,0.043645033544247265,0.09924879778646588,0.07966134140539505,0.042231131601419926
0.016372258726435197,0.0033711003134983845,0.043070155211223385,0.005852906432257659,0.2744555990446311,0.002492611427072792,0.024894529502505945,0.036078401009871634,0.06746547614932141,0.033780908109420464,0.06094229330010562,0.03181438228440275,0.019819602743504264,0.049931708290207835,0.052384868292362816,0.0,0.008149123468117454,0.009855586235072976,0.04480621075452132,0.10128316527690792,0.07606247182462181,0.03711664160393692
0.025238946076012698,0.00701926824732812,0.04064551572453886,0.006192605218837226,0.27553164877949393,0.002602336135966193,0.02642988179210715,0.03627525491492718,0.06857204322164083,0.028210244670194368,0.062127045827952886,0.025567543726197784,0.012630152367434186,0.05180844142842669,0.05715159146223675,0.0,0.008210119042011453,0.007927497322259985,0.04612814164289725,0.0952576768418728,0.0775605507305636,0.03891349482710038
0.024476884105121516,0.004877120077418769,0.03422802723426605,0.003879968431467607,0.276697641640382,0.00024915691599638725,0.027655491905347048,0.03818695500155842,0.07282975399963848,0.03325410383369529,0.06066022161967545,0.02295185296972313,0.019708237850856875,0.05192082815965368,0.053900975606863306,0.0,0.007833772575293869,0.00720224063025341,0.039772632031068345,0.10239332279733653,0.08411883547513127,0.033201977139252443
0.01774646019029319,0.01244951277744917,0.04441007355779142,0.002058201248701773,0.2709181770721701,0.000381527690314591,0.026431971627270883,0.037632696018832235,0.06794166485410269,0.03248347662619326,0.05965068825711632,0.03285225149106996,0.015674027152485837,0.04980260701579253,0.068020117774379,0.0,0.008830437329273045,0.0033302827937655988,0.045154506833286055,0.0931489508650988,0.07473137116210281,0.036350997662510584
0.015546996956596825,0.004546731360866696,0.040008076095737054,0.003413745271134561,0.2796611351979014,0.0005975936860546742,0.028779160285081918,0.036472609012552636,0.06503678282872233,0.0380444648544011,0.05676589091024605,0.02657912061915233,0.01592570163111694,0.056326503990162334,0.05782268303314005,0.0,0.01266380419669647,0.00758139943514473,0.041026415400445264,0.09513237883144614,0.07901761520927472,0.039051191194125465
0.011188517350111029,0.005173761336451109,0.0399610567771903,0.006530031448856342,0.28689222443506396,0.0007205862377271249,0.02422987617965959,0.03351719213684478,0.0794100991459421,0.03344261019723824,0.0609412859674804,0.02870003014672735,0.014355972989161038,0.04592981708664245,0.05415615771907654,0.0,0.011285240723422692,0.009490098675437118,0.042920155078680966,0.09611385954350167,0.08097443728229285,0.03406698954249225
0.024552619508828456,0.004657528009714215,0.03619213934865989,0.002251908316699185,0.27722750567450144,0.0003348761505002653,0.0314795410721548,0.034665826756443086,0.07302714450263748,0.0351866375267069,0.05906042035053515,0.03039878294847077,0.015795487128095868,0.0547513822029009,0.05229499840251582,0.0,0.007524800084300519,0.009100420979246857,0.04553443625040923,0.08983848305075294,0.07987444679593839,0.03625061493998753
0.018836517197332647,0.011212620161881758,0.044947483082290456,0.0042755596655087574,0.27833402034878696,0.000374360653833001,0.02622936675485418,0.034994415656035865,0.07082622551336444,0.03251352545958212,0.0523285527968744,0.02628015792809984,0.017305427370245482,0.055807022025155285,0.0530521741823328,0.0,0.004824360219044201,0.009231204447454207,0.04134261217721945,0.09820709539970217,0.07819961765757849,0.0408776813028238
0.017161915590585074,0.005263151173541308,0.03667056673394176,0.004079106385666012,0.2745073100405878,0.0013538752588232606,0.02892539826444783,0.03755307454314321,0.080698735277937,0.03235035678115125,0.060281086056431024,0.02825240614756712,0.015519300065924812,0.04766848678777723,0.0524157295200071,0.0,0.007494562696313291,0.009422594996406951,0.047505923650035205,0.09712185070586317,0.08129679912348962,0.03445777020035995
0.020273426637061904,0.005539524722106088,0.04233341218551196,0.0032606336474275705,0.2715744489126657,0.0034515936902705835,0.027179963247559943,0.034482742098847816,0.06895307781524686,0.0316646667586818,0.06297378023438878,0.030749482929376182,0.01789007839668578,0.04267038735805315,0.05398399119314504,0.0,0.00991158781475645,0.008736529795268833,0.04591353476083369,0.10211376486567593,0.08004883725660941,0.036294535679826725
0.014836427167916425,0.005783153623484051,0.038178653266631016,0.004592947017473771,0.2804220920273947,0.0006136831336332816,0.02722298687134522,0.03527884961387676,0.07285624139893265,0.031932809447422744,0.06917744780945917,0.03076400811735362,0.01490564715576264,0.04829642808598568,0.04837330309587734,0.0,0.008634900185112801,0.011165917043429924,0.04260868528336187,0.09635871041235322,0.08075525947705606,0.03724184976613693
0.017165841829738227,0.008075749714886957,0.039864402932273175,0.005677620401648151,0.2681065740116353,0.002368539844858836,0.026750691170318502,0.03720263812191007,0.06871594927569426,0.031935821296332226,0.06342776007619064,0.03351994628216598,0.01677753249856885,0.05059679487804026,0.046960245505694886,0.0,0.009930538207813422,0.009914081255645496,0.04451682645760344,0.10192109189620348,0.08101183242453525,0.035559521918242354
0.018289387439231256,0.004952375948092086,0.04438578614380302,0.0007109920604493438,0.27983581278304703,0.002288183771862007,0.028024558539985832,0.038409646319632784,0.06655209676186068,0.031772718363971816,0.06270595558534094,0.028482953740203286,0.012912673494498749,0.050800456173768535,0.052513243736069935,0.0,0.016335075676408836,0.011226834364910902,0.0412392035866731,0.09384306775864186,0.07556532144537663,0.039153656306171264
0.02230046850641579,0.006264675407726367,0.038883684760153,0.002148507265172037,0.2758649902731602,0.001211891164855949,0.028253950874221712,0.03564738146230607,0.08445318788351461,0.029947046654110226,0.06271628721895182,0.027977014918722967,0.016568592126493642,0.04884176823033429,0.04999262951599488,0.0,0.009227921715251329,0.006907429465256017,0.04226635571841881,0.09534808578889242,0.0799911865201922,0.03518694452985568
0.022627298147596432,0.0059635682009533866,0.035996491646756335,0.003591320387277519,0.2746591190159983,0.002273284073498311,0.02787857305046221,0.03619144839417095,0.08036131903820967,0.031945275011523194,0.06043828529805535,0.030839579984642176,0.01469763964509195,0.05097646216650605,0.05720878469919945,0.0,0.008777730529943257,0.008296707309486086,0.0437420261256271,0.09522342930659668,0.07514736944062696,0.033164288527778724
0.02064832757648252,0.0052896183955296935,0.040973934144470564,0.0018634067616826594,0.2698781560779317,0.0034013212593105354,0.025141131014459014,0.03524773306593118,0.07677437744399665,0.031282900201750986,0.05611049197320071,0.02792831026421949,0.017867873640127218,0.050273219658501525,0.0607075950107692,0.0,0.010373903603493582,0.010592133795496679,0.04131114015387756,0.10012507137374284,0.07736600241487633,0.036843352170149335
0.021194612696142645,0.0022266620533319217,0.03757472591143631,0.003102113383729305,0.2740817958397005,0.00197943148319005,0.026811891162902977,0.03831363387839415,0.07084836557603308,0.03236364304522213,0.07034643939045794,0.030742863498177207,0.015466373839354876,0.04457030787174004,0.050837198816749835,0.0,0.0073724313146788425,0.007194489861190397,0.046217287408226594,0.10138724315509988,0.07706404678475101,0.040304443029490204
0.015929417314561312,0.006670896633859834,0.03452357301601328,0.004115629699666091,0.2727002069671535,0.0031369182036764037,0.03022029582102888,0.03672845320120284,0.07518893487937205,0.02955771556415305,0.06140559673480628,0.02870880888437285,0.013662986544652138,0.054606270694064686,0.05467490692986749,0.0,0.008032160220626484,0.006898428932866493,0.04186598717218213,0.1059257882007334,0.07774709766276194,0.03769992672237856
0.020007777504508537,0.003570066177268351,0.043787254533322106,0.003110185210866465,0.2718832110512397,0.0020954018861553208,0.03009067993302885,0.03455370925582262,0.0720725002436367,0.0336814016349477,0.061339948828109836,0.02785966758666562,0.019406293112569768,0.05022948684350511,0.05531625089838863,0.0,0.008893250927068493,0.007010194323582266,0.045386470808196425,0.09893872717549886,0.07587499776955119,0.03489252429606757
0.019990336698358882,0.0063286737455300396,0.038449891531008105,0.003435790893854985,0.2802729808159723,0.0020277988144005517,0.029087947063167308,0.04084456832859056,0.07208290991908761,0.031796863188705934,0.061139946586891515,0.02642894738709021,0.01702188701386733,0.04478180999324438,0.05272158207074607,0.0,0.0006156631119016308,0.011207592360445242,0.04229917242156038,0.10228942988392828,0.07421259542943592,0.04296361274221281
0.016494682017244886,0.004702374102651796,0.04114131256281908,0.004143260856788723,0.2725702948577,0.0016406873175266836,0.025895971846765547,0.03774071889489482,0.07061060233717696,0.035275253672049665,0.05611061466908577,0.02905458093775428,0.01593032372948544,0.04585391399878021,0.052617851697190285,0.0,0.006149457064268202,0.012134584294263085,0.04085180305225578,0.10554567597953636,0.08852433726699653,0.03701169884476617
0.023785179058372505,0.007422528938090082,0.04643295828824374,0.004946412597039132,0.2690975895320357,0.0005015140746600451,0.029010927917276618,0.03706840785120069,0.0661762619610413,0.032343539650757716,0.06371646648415147,0.030377611148214325,0.01406194341947661,0.05081379169748415,0.055365496908794234,0.0,0.00592460344265058,0.012639281253241387,0.04457428735289621,0.09269801504881772,0.07980134573532888,0.03324183764022686
0.021496378143408,0.003167818667341855,0.042096402212915086,0.005331253815915081,0.2715836318621204,0.0017417401450573195,0.027469652794547328,0.03706740880922402,0.0753468424041412,0.031360060835330376,0.061571923722713424,0.028297445049859975,0.0167448571278168,0.05222115552382687,0.04954310635287136,0.0,0.010793032210910191,0.00945095725772292,0.04844842280243372,0.0922892607442901,0.08368467166158286,0.03029397785597113
0.018285885901823173,0.006367073416661109,0.03418247431069182,0.0042622524536227455,0.2754644496019187,0.00360740728809076,0.029543668078877695,0.03707492081529155,0.07077853997183398,0.030849350359283306,0.05865648639789925,0.02786515660035388,0.01608372211504011,0.051520008727735066,0.0578076831172025,0.0,0.008467881063848227,0.008019459151637983,0.045248659206746665,0.0965435655113898,0.07846834839196087,0.04090300751809105
0.021439706718283432,0.004310570226733066,0.036575128981349535,0.0010291503213506034,0.27599263865694074,0.0016155732451842287,0.029868571677618805,0.03541169256199625,0.06931217933726826,0.03245803042933148,0.05480150324272754,0.031438791509838915,0.016366430874651897,0.049580246532787565,0.05524584163758398,0.0,0.009056480390292809,0.01115293349280198,0.04865718588374862,0.10334420794783752,0.07800801525099788,0.034335121080674866
0.013885485675757446,0.006212453222379914,0.04380940799814592,0.005072790563230675,0.2788697045985709,0.0008259244159929372,0.02586703800505731,0.03315015161526645,0.07393449868908668,0.03319756132282517,0.05726338289480092,0.028134069170017945,0.01688392007403883,0.04925176661816897,0.05141106680490677,0.0,0.00875865647885808,0.007149158287361881,0.042875393175872856,0.10782639907293257,0.07554820781160965,0.04007296350511827
0.018632794824856608,0.00899892371332159,0.04368277849415834,0.0006068540483828836,0.27530254461149306,0.003606913547819157,0.02843089074566835,0.03693575884274518,0.07986911539705963,0.030522034625592814,0.057347615838557124,0.030273196574587862,0.014058644070869914,0.05212375015237858,0.049515454955136366,0.0,0.010952692816815162,0.00977949600496162,0.041476004129585534,0.09272201726008523,0.07681773008929313,0.038344789256631616
0.025024391459366573,0.003351886483052338,0.03987277625757585,0.002397295614532352,0.2722556915522301,0.001252191592661675,0.026849148361458432,0.033988286176044616,0.08030855973883462,0.03233923032260747,0.06154075036506253,0.02669182832097567,0.017847384979476518,0.05268610209936738,0.048532393170439,0.0,0.009596082252502016,0.009548007322102543,0.04476241231758418,0.09610697712902168,0.07612018795941679,0.03892841652568785
0.014091526116676103,0.006114930150662433,0.04123838482312227,0.0004684472998441908,0.2733528462465631,0.003554154751109733,0.02886095746379657,0.03677391755937145,0.06529536535156549,0.034926241982989985,0.06424417066479651,0.031387747678683436,0.014742770151515653,0.048448346885900384,0.0519030877660465,0.0,0.008859128228624709,0.008824247455274985,0.04312259597928463,0.0975892746542258,0.08695428217255544,0.039247576617390666
0.025866862276515055,0.006301851968791703,0.04035718492091195,0.0025371884359521816,0.2711182658852032,0.004996406613857208,0.028931009284796336,0.03577641748023306,0.07083749566583736,0.032458814590593715,0.054744926723611885,0.03259475169320949,0.01402789065048224,0.05330748093663413,0.05517052094873276,0.0,0.007267578093477218,0.01144374968142163,0.047029735660319164,0.09361922418834104,0.07752532390635067,0.034087320394728074
0.019760430689750856,0.0048406679410249575,0.042880621527513034,0.003133011174150547,0.26985088960565945,0.003124424133402009,0.02970048705631864,0.035709394805683664,0.06879040205181282,0.03198028624281803,0.06190495345142402,0.02356786202582716,0.015349699294206034,0.04759764775652229,0.056850415351788385,0.0,0.009804306637997584,0.010446975660105795,0.050370367056523216,0.0997898421931824,0.0806812986339846,0.033866016710304675
0.012346724313868192,0.009012885557530312,0.038566314870774915,0.0032679334594367363,0.2737640186469511,0.003044381238956555,0.02633192590907009,0.036273547284893896,0.07343640947023848,0.03372640371053358,0.0581330175430252,0.0323643995725734,0.016676017086073115,0.05638773093663965,0.05862446206596191,0.0,0.010721817798189,0.007920096885656225,0.04220526022142492,0.09899095825578497,0.07320542443900352,0.03500027073341438
0.02101735618328724,0.002632643618878716,0.03722096063304721,0.0034382842359734185,0.2743025838507693,0.002466523430810089,0.027936011224144637,0.03653854463175248,0.07606457190874592,0.032757475324504896,0.05818723070127189,0.03249896724794435,0.017383152524453604,0.0585829149206968,0.05166073393295672,0.0,0.005523076567272371,0.010802908308193934,0.04244206339829959,0.09264702791154818,0.07773525826907972,0.038161711176368726
0.021061137773645492,0.006616772983259864,0.04165029258755122,0.0003715784113219812,0.2844462444106941,0.0043670477096531685,0.02715593382194021,0.038555678720697824,0.07135350620692027,0.03513643958250371,0.05787612163712495,0.02957992580546485,0.01665610413617219,0.04683005929369068,0.05053081704538498,0.0,0.014643003442242753,0.00516434541569407,0.04289909470106423,0.0945582921287136,0.07537798216831686,0.03516962201794295
0.019141597096858014,0.0031698249938390023,0.040484599310961086,0.0037080043163838735,0.2752207257945917,0.0009181265328582967,0.029228041681649174,0.03638790340573088,0.0724369773866648,0.0351575098518891,0.0631291347129788,0.030691006770818995,0.016494895992149986,0.055322227200472425,0.054259020857723,0.0,0.005084879457464699,0.008920604058651447,0.04393015863070425,0.09517940631679588,0.07754461307048621,0.033590742560328186
0.015046900166656284,0.0038663683132528076,0.046921088934445215,0.0019046832682915328,0.2733911580862061,0.000982801378517604,0.028966947421280826,0.03787680502237888,0.07432688013643443,0.03403392796767856,0.05918073655763116,0.028646023642955976,0.01345771035007207,0.054341771292020384,0.04943444018268274,0.0,0.011349929415516777,0.009762121565389062,0.04103907376673455,0.10120432802078992,0.07657260920599579,0.037693695305069316
0.01716765728392193,0.005821936884196468,0.04398401985463138,0.001876713531932488,0.2653573072071893,0.001776794008158525,0.02846633108163218,0.035287450393016236,0.0780136945457942,0.03284358355650745,0.06065714657502792,0.029120694403265493,0.015179773219607647,0.049677803997392,0.05836498972514025,0.0,0.010179189972228534,0.009856631038417385,0.04901944960380193,0.08953184881994798,0.0812101909785386,0.03660679331965215
0.020080761046946016,0.002155739709498531,0.04255491226633295,0.006832357639944268,0.2799000880660368,0.0010736775539550716,0.027108203899571283,0.034349141135782905,0.0731653439234503,0.03475996170873722,0.06539489042551716,0.02509433246793025,0.011317899190665136,0.05272985411391694,0.049327120988705966,0.0,0.007059806934296911,0.010418233496549464,0.04966734039072567,0.09708276384512024,0.07334792216254715,0.03657964903376994
0.016597280521084737,0.003956688811212435,0.038012079411397004,0.002564923612406309,0.2834715689729891,0.004546118381001386,0.027990180196183462,0.039061413380229185,0.07230930251219447,0.033653031726450136,0.06396366608621429,0.029679051050815964,0.017933838986056768,0.04943310796055772,0.05175756410413715,0.0,0.007192248552905903,0.007061419641961474,0.051129012435784514,0.09243448186661267,0.07644574954827098,0.030807272241534633
0.025591443043840232,0.006763707784469696,0.04024677866977302,0.0023446590401235905,0.2659942471358497,5.059850601555533e-07,0.02670414670372969,0.03526229137543424,0.06654995110564875,0.031467638009265365,0.061419786111884464,0.03170905321539362,0.018716117924090583,0.04823016680179006,0.05596646189136567,0.0,0.011335692838521457,0.008151445345549487,0.04678007064209888,0.09550041276411993,0.07970948334872556,0.04155594026326583
0.015407745061199326,0.005652591739729053,0.04022263980576046,0.003435471633425812,0.26905292543978754,0.0028865023575827546,0.027809098482783363,0.038085885850172,0.07926121552364916,0.030692414552503,0.06420031085161175,0.03124393781261967,0.013582849641777752,0.05193403016383796,0.05550575039765195,0.0,0.011741645814082852,0.006630178457180919,0.042179428736456186,0.10346037649998943,0.07147016984279161,0.03554483133540773
0.022167392515643862,0.0023643669743784157,0.03774481570885184,0.003945523849237957,0.273461008576679,0.00036380070432173647,0.025702373494771592,0.038200309915125734,0.0754896000833421,0.030489690029150026,0.05927500579244921,0.029623400124762483,0.02186468873258883,0.05194752163457293,0.04837278382560303,0.0,0.007781517153835186,0.00637900886260544,0.04362161032296458,0.10540576019374756,0.0787352656870395,0.03706455581832886
0.018461995899454298,0.0011892351202111675,0.04849568939100682,0.004323069897061429,0.2756886095061716,0.0007041985760364357,0.03187510966252178,0.036458222618221056,0.07513721052106294,0.0338494753654535,0.057297906442231886,0.02861916703999543,0.013186495442870394,0.05278448417246305,0.050727336720229284,0.0,0.010064059456348771,0.0048936486241088146,0.042757580597865705,0.0964721997723378,0.07728842719849957,0.03972587797584838
0.014090373813148463,0.0035766410450302063,0.03467410443834338,0.0009675146843477019,0.281794463924204,0.003018704958588596,0.02805257151092547,0.037330338292078234,0.07849338834564837,0.033696644721127045,0.0583653107929001,0.03010987391084237,0.0166200579010047,0.05076451781741026,0.04973232240557675,0.0,0.005883949968089252,0.009373554257383293,0.04762708350452674,0.10327603068219728,0.07407450361420276,0.03847804941242505
0.017381619095561823,0.006678896583014595,0.040013455040984414,0.006407539565123675,0.2692336790721229,0.0021032830587253784,0.026972393848839826,0.03855411023463832,0.07430638110455325,0.031097468503062737,0.06436760647777692,0.028480273484690236,0.013661729452282528,0.053845582044762655,0.054322645142630084,0.0,0.011701480710050805,0.005917192308439318,0.04535004004719922,0.09146393973315073,0.07492011821214659,0.04322056628024404
0.021833244226221567,0.0070375492247939046,0.03506413873961145,0.0034934445054544795,0.2745716092343814,0.0005491144394884929,0.026311639903291426,0.034347007264573494,0.07814196860616453,0.03215565310729502,0.058723961928182265,0.028902196868706258,0.01068028213177604,0.06002449923224176,0.04166036426063242,0.0,0.009890293908712116,0.010838798354859527,0.04803759192952098,0.10748647893735827,0.07383060614236876,0.03641955705436594
0.020512776413340414,0.008579992011899506,0.05173927902970972,0.002990798753944101,0.27010319032710833,0.004429920591382085,0.02917603119842953,0.032082487097748955,0.0749831173174882,0.034463308634015505,0.06093094632969182,0.025940906329353197,0.012604713341944077,0.05241042510289453,0.04970775389466698,0.0,0.010877898602259234,0.006270417016515233,0.042478494466201125,0.10214464877087263,0.07412905587935481,0.03344383889117992
0.013830996700868358,0.004218241132563839,0.039880605524617696,0.0026045058706685377,0.28185054990007885,0.004817754382587237,0.02695494196996096,0.032313873525121564,0.07036608816491986,0.03172324590520465,0.059348904140847536,0.0298267463460229,0.012917542587180164,0.051380954855958026,0.06393661295005403,0.0,0.008743542454019888,0.0051354732308963895,0.04762728890655064,0.09887808160548736,0.07642786483362082,0.037216185012770665
0.01975617133850521,0.002309506432829123,0.034978211946102636,0.005991412418498911,0.2736038976435555,0.000388419943710556,0.02739810883909226,0.03511646485351202,0.0666264946072271,0.032998626575681936,0.06181084230643129,0.028976913026604937,0.01836879632241193,0.050545095081079336,0.061719387079380586,0.0,0.007581649039346067,0.009091908760925608,0.04394843260228844,0.10241891653501804,0.08329054154959492,0.033080203098203635
0.01825791031048172,0.008376866042681131,0.042444218294873964,0.0024356302843576874,0.2739508049117813,0.0048033050503095715,0.02403384912759166,0.03504489168926918,0.07370976099307944,0.03642743459051172,0.05962940916617325,0.02867428599040516,0.01394072832702447,0.05483203083131509,0.05179942391181768,0.0,0.005573315795773394,0.005027350722649562,0.04809626577515543,0.09844477389331338,0.07727135512413516,0.03722638916730007
0.015048325678538981,0.0017088634154606185,0.031513428868315686,0.006295671970075892,0.28245662253449577,0.0006334866872020113,0.03034022101714612,0.03653612731826817,0.06940469841164196,0.031676072526607736,0.05615388785275033,0.030603389681799518,0.014217317704259859,0.05624030903147779,0.05069504921383077,0.0,0.01247479162494106,0.008673766111425552,0.0446406275967139,0.10594444989512224,0.0794892061144726,0.03525368674545362
0.01713507845857985,0.006255141752496013,0.046622334496283335,0.003480656018299543,0.26477420690681464,0.0019823205794564864,0.0264631281266254,0.034355672805051474,0.07568468331883785,0.030793177601703105,0.05771549886518815,0.0304648956572789,0.01899785355830352,0.060797590448953,0.058840414965298474,0.0,0.00883805346476285,0.009225610291615602,0.04067041923517212,0.090081987161379,0.07996724143450112,0.03685403485339947
0.013942196730100468,0.00471845914266681,0.04412646345954669,0.0046527301454520106,0.2711393640444159,0.0018236062838649398,0.03005256853654077,0.034901103584966536,0.07804686942760232,0.033000768306621395,0.060285689629634626,0.029945833583898195,0.014997786533889262,0.0456199079721081,0.05497302603249467,0.0,0.01243038617237329,0.011797838592867465,0.04455321578346928,0.09557151027361754,0.07781098550990433,0.03560969025396557
0.021914032340429386,0.002628201911081549,0.048353547397519965,0.006414935429300047,0.27034773835818204,0.004573453561368565,0.02581134835312671,0.03566114247482111,0.07128155715550122,0.034485547962621016,0.05688467870479416,0.03198315246436936,0.016972814120885308,0.05072313953028852,0.045872980318257685,0.0,0.010092992158462249,0.00749467451255259,0.045220598967778365,0.0902456532795288,0.08448871580109962,0.03854909519803173
0.017893937944987642,0.007710767828859737,0.042614420180932526,0.0051783873973823774,0.2780551355132176,0.002814627679702875,0.02559960391982025,0.034333459728710165,0.06710078374187539,0.032128318046446884,0.05620125605695983,0.027893606698690072,0.017011955422978405,0.04767448697552221,0.05368172924777727,0.0,0.00830476943187082,0.013065716148532823,0.041951707730697806,0.09700242541539954,0.08271215676424283,0.04107074812539273
0.019094658912108063,0.006170330424521839,0.046654617170835765,0.0032827395103153783,0.2768100542420474,0.003043576627067406,0.0286267581752512,0.033014270564213764,0.07580822642386525,0.03178743759563172,0.061775580669166434,0.02919826282818825,0.016114432289949968,0.048560161384854805,0.05101586961502134,0.0,0.005641629539030761,0.008660366277035323,0.04014261589500959,0.09757850787688448,0.07913978974088062,0.03788011423812062
0.019520183455040748,0.001372303361194062,0.04217919776389918,0.0006376269944036348,0.2753971837170029,0.00018773330978567195,0.029614774849767787,0.03636590884487157,0.06484196653679779,0.03613899718690498,0.06366334770631893,0.030544881646807093,0.01938561542031214,0.04785336392848085,0.05644828109990545,0.0,0.008144381174938783,0.00921593322717483,0.04032408389155063,0.1022539811054029,0.07748759911021133,0.03842265566922893
0.02136032968907027,0.0094012280325947,0.041134260217525004,0.003287108292402504,0.274706993306091,0.004235829851354772,0.026695740645759376,0.035545216330132495,0.07896646946414851,0.032965663097373116,0.06296786582915892,0.024182147344624042,0.017153672815623654,0.050778533096938784,0.04581315434272799,0.0,0.0081054524682006,0.008818226975670258,0.03638533114939991,0.09651471960005784,0.08124021784505522,0.03974183960609083
0.013420388873314494,0.004793849974414096,0.04618204281086745,0.0038810139990785642,0.2769212894315795,0.0016062084465265716,0.026096958896264164,0.03784993431673201,0.08031185626967066,0.0313805519684624,0.06306868796965398,0.031443745621952665,0.012749805742808326,0.048999602800983616,0.05549020027286978,0.0,0.008794314707459353,0.005966336487136792,0.04366367870832779,0.09201019320027178,0.07552752506597328,0.03984181443565278
0.022157584705166263,0.005056954618860125,0.04507311118898177,0.0044931471602096375,0.27882258936244964,0.002159826704620885,0.02743278918433249,0.03848228512865252,0.06606165413407683,0.03206765201530972,0.05781931203454627,0.029436915456217943,0.018556881570669686,0.043094162784551526,0.0585483350072395,0.0,0.005686067468868467,0.008110081720045856,0.042490051532887776,0.10061898276248607,0.07729836037602092,0.03653325508380605
0.01911249000466205,0.0090521034937286,0.037146437331958215,0.005199860065592068,0.2674588991697183,1.971242269275959e-06,0.0261780036565662,0.036359901837793564,0.07188880621603971,0.034412679354055266,0.05664264073630607,0.02578748745893161,0.016425462390309654,0.05934778590461681,0.05283372306173379,0.0,0.011828407642467169,0.010720988626944213,0.04329611445969788,0.09873055025912336,0.07556133548766135,0.04201435159982467
0.018152230270489303,0.0023470635417766274,0.037903967729293934,0.003743490564771228,0.2789795896882597,0.0011672685260498384,0.02778062563362444,0.036519286995133036,0.06672852064149916,0.03127748180659807,0.057099013174838835,0.029340965352422168,0.01562410808801641,0.0579580878774922,0.05241744947233033,0.0,0.012246011382450808,0.009342351191000992,0.046469108496528064,0.10038127940129583,0.07781212103587508,0.03670997913025397
0.021006267427250896,0.007967010566301575,0.03779295397159763,0.0030154859731511426,0.26961979508253203,0.0022117505912402835,0.027623940055750033,0.03593937736849296,0.08229446696303294,0.03392128910466273,0.05884281153295572,0.028101007163504887,0.014256107933472885,0.05720629055526225,0.05386687283795876,0.0,0.009535971956180785,0.00669645984242858,0.04610076455616468,0.08829205443305238,0.07926740291787249,0.03644191916713435
0.019120514448543416,0.0037947900306951115,0.035286053425056016,0.003250002280257011,0.2753224095780625,0.0022189024159813327,0.02812467516991754,0.038715916943308976,0.07545173317499372,0.03411795032113836,0.059738213414295825,0.029516040481946167,0.014586982025708309,0.05041768335555385,0.04798349861914243,0.0,0.00613764344802309,0.013892540220556582,0.04800235934959882,0.1014885864740197,0.07784103598585466,0.034992468837346614
0.02016532962503537,0.008825659047806352,0.033824580159358686,0.0013403121877501314,0.27177198162525795,0.002002627118754956,0.026548685858500502,0.03630646504074424,0.07400532299756565,0.03289132221179975,0.06058275156222288,0.029126602494789624,0.014996443705781357,0.05482298292858288,0.053264129731740384,0.0,0.010181663826009877,0.01101392605536898,0.04274475876927586,0.10016964936991617,0.07847449832441482,0.036940307359323486
0.02168656102485775,0.0015205019586704855,0.041362612204101784,0.004405875504490052,0.2796657158556269,0.0020241112663897955,0.028045865469803716,0.0373688391173874,0.06884237651674455,0.034088696080042266,0.06322255058866694,0.03192408606913512,0.01582410940201239,0.04818664660935248,0.04709381447590337,0.0,0.008209232020159423,0.009123500237274634,0.04291094736096312,0.0932678994283992,0.08378372654914977,0.03744233226086887
0.023751588219479498,0.004798464284324245,0.03999567644956633,0.003098017498485881,0.2781241263159839,0.003136661748493219,0.027631427735841683,0.03709137269519487,0.08551057691779371,0.03242369293824452,0.054894872870483793,0.028221284763408294,0.015105985700709585,0.052333129990178716,0.052026597006494084,0.0,0.007494139114281878,0.008869161332527528,0.039900051600946916,0.0978186723551424,0.07282001304186005,0.034954487420558684
0.0220649275471836,0.0036071570005908045,0.03820157231484325,0.00420834134117799,0.2746642853559381,5.5030147081698586e-05,0.02660228905421437,0.03677543455137587,0.07728522139803329,0.032629569172528516,0.06114904331613578,0.029688534859276836,0.013602872980026324,0.05392921970998778,0.06050390370348201,0.0,0.007717368773365192,0.007789442132379368,0.042642709431755056,0.09801764769075644,0.0735255281471467,0.035339901372720896
0.02133978596763724,0.0050891026135482615,0.038100896535448216,0.002422528630353298,0.277587085412897,0.003482340910815941,0.02748056572661828,0.03823590906904535,0.07658458216812614,0.03253756242873105,0.053601966885043616,0.02456782049031236,0.01405803694320243,0.05456469178134178,0.058811213970298315,0.0,0.007349837589520084,0.007797701960541817,0.050953043364966095,0.09614360549213813,0.07660201894470972,0.03268970311470479
0.016282090296522486,0.004422278516735512,0.03915033674919012,0.0023971038024506296,0.27445156838981555,0.001397361734149849,0.0275926552870432,0.0347066392069535,0.07217259650844221,0.03234951865344173,0.05744046480852051,0.029641031025532942,0.013161867155323371,0.058485840181034525,0.05780790787820026,0.0,0.009150799197386315,0.011189322756260087,0.044215752241325186,0.0978676349310443,0.08432167401216956,0.031795556668457944
0.015952266077786072,0.0016090034732070039,0.03568827582155698,0.004528201335859772,0.27851633988593266,0.0012616062212040687,0.026682037059607245,0.03631805369351766,0.08037795157412132,0.03426911327500212,0.055928859903927465,0.030228227565753312,0.01709382749869008,0.05059337261185616,0.05543238919883728,0.0,0.008801150770361615,0.012502593626949773,0.045579532171300466,0.09551842882684332,0.07610061571282058,0.03701815369486512
0.017963708298069314,0.00614191860370151,0.04499014908440234,0.004029247777078766,0.2772664702936981,0.0007204389332694309,0.03063298069946199,0.037437799379934696,0.07270838146916914,0.032845113497525016,0.06048159264103034,0.03194151164259409,0.014607700322916473,0.05092250132825436,0.050254479311840135,0.0,0.008368619591831614,0.00592999748020827,0.0444175584846941,0.09577257452157348,0.08091958469104223,0.031647671947704806
0.019947504929947686,0.007991828297779828,0.04129692483546142,0.0021768711088465858,0.26805096815187685,0.0017669714916523336,0.028279873984799187,0.0370073241073157,0.08031479154392789,0.032528276199710236,0.05868537849528746,0.030544959724911006,0.019234798572594376,0.0513176469343104,0.044240473024390416,0.0,0.01114560527683231,0.009900017093723769,0.04123208535658194,0.09058869386060436,0.08533723183693506,0.0384117751725111
0.01642610267638141,0.004634494188212615,0.03543829272906219,0.0034256554088390604,0.2800435982308491,0.0016937244281242884,0.02388655700313713,0.03417615489887233,0.07550281260210244,0.03362857443375993,0.05174274633629768,0.02977084652196871,0.01966973913604093,0.046802457491201814,0.06310515096652683,0.0,0.008537586242290144,0.008806496659027468,0.04801073753430532,0.09497240965060176,0.08691663681416036,0.0328092260482388
0.02224521447464652,0.006104959521617951,0.04469069808775915,0.0055477520829336465,0.2747216517993761,0.0007951092693658662,0.029113463633643775,0.035212239751697225,0.06761485233195051,0.032515944408426124,0.05876068249773653,0.027761902978602798,0.015856654968188603,0.05242054732960107,0.04344996447263767,0.0,0.011258984044356444,0.012463421584420431,0.04531559419466336,0.09721472160040108,0.07860605553046303,0.03832958543751217
0.021169275326622904,0.0033265046955694025,0.038919449167279116,0.0035566282482731586,0.2835532366927006,0.0005486075660384455,0.03226707808799932,0.03592473709600872,0.0711615341896259,0.03378050619082618,0.05947593521172565,0.0271619643558046,0.011690518105387728,0.04939007843614995,0.05718588657929015,0.0,0.006544654657915842,0.006671897124817239,0.04312482398049198,0.096311621114811,0.08444808018611949,0.033786982986542306
0.021552399086539,0.0027235660461125753,0.0412399011353303,0.002936952046991908,0.2800849836099833,0.00116629202696725,0.027679226805708085,0.03255303586719262,0.07044009403588578,0.031380730933552405,0.06333146065316697,0.025980425204924017,0.016457270389734092,0.05185688505130708,0.05488912871644035,0.0,0.009709346994105769,0.006054766906762644,0.051489774601086606,0.09208736018276972,0.07580386348845072,0.04058253621698909
0.014948427509680654,0.0024483208071313465,0.03894947866512714,0.00582924311550064,0.2776797847576444,0.0008279451190443617,0.02594601461629969,0.03735892388261378,0.0827117342688128,0.030068737720508006,0.06625290474598472,0.028103504134357117,0.013928646888956316,0.0447891258991464,0.055723273045215835,0.0,0.009855152211744551,0.008362454684429938,0.046297629158566916,0.09418646834837187,0.08058376484805932,0.035148465572804384
0.018109583940514585,0.0038509270370676923,0.038137770478374605,0.005127970085173799,0.27643791579225274,0.0014657859558701034,0.028610194501429494,0.03538712267750655,0.08075243335921822,0.029678317185215894,0.06164354481107419,0.02551217599576749,0.015623317542633703,0.05387851470089396,0.060507093080768876,0.0,0.005708723996026664,0.006265816704053745,0.044668843951256,0.09633082912206747,0.07405018478376796,0.03825293429906648
0.014824329187735191,0.005872559620901946,0.033915632164706465,0.003316433401518216,0.2799986875801795,0.0016127543357921787,0.028497673281693305,0.035647930364803536,0.06460714350581008,0.03124173105963885,0.06105138880890081,0.0327914420272953,0.017570231156395083,0.05306774604696357,0.05656367441104593,0.0,0.006025213644018713,0.009277332880932038,0.04732326640306876,0.09871756019330966,0.08106070599107379,0.03701656393421729
0.01820777330871646,0.004966077633036658,0.048168329764903706,0.0012305590801056118,0.2744808186105601,0.0022543446793270635,0.02479457590458089,0.038533015546416936,0.08115176286569878,0.03549561360339228,0.06786973503503653,0.0243751601120432,0.012898628615712292,0.05227289065885638,0.047421252920861225,0.0,0.0064463889224453215,0.005773026751526377,0.05012268682291185,0.09778683940697176,0.07443950693494321,0.03131101282195338
0.02533166094343741,0.004949211811643818,0.04214060718172971,0.002939815255092166,0.2791811939448265,0.0022409051895108494,0.027490561327986246,0.039201464634105176,0.07230873539957396,0.0363156844933421,0.06161529259944853,0.025349685773468432,0.014553077190428582,0.04888784518510219,0.04874591658060157,0.0,0.008188580201276953,0.009063384211654184,0.04862186921357326,0.09577994403336797,0.07240132622638243,0.034693238603447724
0.023786306036713733,0.006464137969688065,0.0395102823452163,0.00462469369693523,0.27031605725808205,0.0014027022052137525,0.028128293332423632,0.03419569339129775,0.0732440248858814,0.03150930266690948,0.05913334780094441,0.02963858040818965,0.016613844231029042,0.05007654586013308,0.057781173128363436,0.0,0.005943000574270154,0.01098051212121724,0.044407896971442866,0.09693519964712954,0.08004991511034742,0.0352584903585716
0.017731935623733847,0.005504734791554085,0.039552243110820166,0.005075338953382972,0.2760376778481272,0.0001381770819052701,0.025900495667964672,0.03524018964383662,0.06933959896474658,0.032505810852048615,0.05853540026235071,0.027647000840623024,0.01986052185792909,0.05222757720539309,0.052641198082540905,0.0,0.007451483132977628,0.005456560486788186,0.04885369994666496,0.09508476172621408,0.07997232012736696,0.0452432737930312
0.018916133235858168,0.0036246455411367774,0.044726523867646674,0.0028108420020046157,0.2694307934514064,0.0034891000495429004,0.024992820416443986,0.03143313841236628,0.08086329981752786,0.033903275918126766,0.05476498585641178,0.025163100412161757,0.01685512933194527,0.05984649817606383,0.05343933966406757,0.0,0.01223701819010546,0.00972659290245808,0.04638825267540432,0.0983993416458434,0.07533459306032289,0.033654575373155166
0.018800362299120424,0.003822009551874925,0.042962836513921576,0.003288443947004305,0.26955963649091336,0.003014537118962768,0.02743423797517,0.03800947695217966,0.06957281362269598,0.036115375646249684,0.06849058048423495,0.02557511349556837,0.010602937309978362,0.04933616509544572,0.055101080468331655,0.0,0.00864000055521761,0.003059025588919733,0.04553634609282378,0.09899742430496307,0.0816767407243318,0.04040485576209231
0.01947873389971917,0.00654144324849021,0.03649854462978557,0.00689435787140096,0.2892854364843899,0.0003578135306154794,0.0286372545742813,0.037178200045192865,0.06752632594013266,0.03160265555720567,0.05810693284849011,0.02675158869146737,0.014190030314388419,0.05322266112427874,0.04820850547577259,0.0,0.007735346168857075,0.010857028836489594,0.04454102194562313,0.0910852280962116,0.08054808303221175,0.04075280768499578
0.02124269952162426,0.007769499824517973,0.03790043067873758,0.0031548055910642176,0.2724528581330601,0.002461779629660184,0.027751040392878144,0.03920269044209488,0.0712490741105179,0.035971534028719734,0.05691539914747142,0.028580115613913583,0.016379929936709503,0.051140258595964334,0.05112538520072429,0.0,0.002924122641543443,0.013372569229421944,0.0504350699837981,0.0941844926718734,0.07892784940617018,0.03685839521953492
0.01836758006628209,0.004249984519580032,0.03821384854155822,0.0005977495666180504,0.2671428617738542,0.0009952394731043957,0.027791032016624768,0.035768546051749506,0.07430246286166385,0.031647438741328734,0.05897725728964825,0.03215365074832138,0.01795380630470091,0.060120740990186286,0.05246329530289565,0.0,0.008033873038277283,0.013581338688699237,0.04352955013991218,0.10380167434461543,0.0735933522681325,0.03671471727224716
0.01714479316776915,0.004798374213355567,0.03742039933108004,0.003481910332810949,0.2769476019314241,0.003243030709495122,0.025162621621572318,0.0363432407989507,0.07710926513425377,0.03412281468236498,0.057384971681749664,0.026314382045615314,0.01853954501950034,0.0519856435676748,0.057040197260718316,0.0,0.007949479474538921,0.005751560908035601,0.041814953790294776,0.09662687215052837,0.08009606276138098,0.04072227941688615
0.01324876199807506,0.007917939380228948,0.043489383942795695,0.004897190762030333,0.2780042515395263,0.0006509059424832651,0.02731613051235949,0.0382305237104703,0.06922583626781087,0.03299730899188585,0.061705813427319615,0.029057845776850305,0.012545805795533584,0.05215347827277757,0.05243850898891888,0.0,0.010349731269337971,0.009401772776609613,0.044632572889181474,0.09294441778397852,0.08086554111811027,0.037926278853716
0.013511207867313342,0.005356639563856477,0.031247792322265912,0.004278519462462192,0.280604109616841,0.000235403777320569,0.028404540803759936,0.03506452873098729,0.08076728871324007,0.035143815475789215,0.0612649824060669,0.030067022021245386,0.014400552709810412,0.04752397228510077,0.05132691341406447,0.0,0.011126547603762854,0.006113777058969075,0.0486847535424712,0.1025901852927037,0.07847416549936884,0.033813281832600496
0.0222867059111062,0.0039972748516563005,0.039883944961789486,0.0029105408402666988,0.27374098345716025,0.005871709638374911,0.02655912265996857,0.038110683439105314,0.07419505549142419,0.03409124281752116,0.058902771856490635,0.02807585978810554,0.01573946221031558,0.04728932017767811,0.053269951657993635,0.0,0.009825830150283064,0.008753722702336202,0.04993099203974892,0.09432592572731524,0.07819309792454579,0.034045801696814176
0.021356430851829984,0.0024016704728421685,0.03637431841375891,0.002114743385126902,0.2804214010342819,0.0006788673724896937,0.027016252891462245,0.0352444497649411,0.06773373944327217,0.03460773251789825,0.06385608539561241,0.02707623503260517,0.015230252840308222,0.054589286808151616,0.054703063038350465,0.0,0.008772548698186578,0.005704983301967882,0.048264033382442034,0.09608717180787152,0.07796970324124114,0.03979703030535936
0.020056144608345428,0.007669114983295387,0.04332527607363045,0.00192074360022912,0.2701743411890049,0.003623339833252832,0.027462575468483262,0.03352024784991444,0.07636236962723622,0.032642856871550656,0.05783312054016085,0.03209756662024748,0.01504671599215382,0.048592761794668926,0.05534252950284234,0.0,0.01059757981702573,0.012693213088091328,0.049294534239938674,0.09470480160482403,0.07412896056541028,0.03291120612969383
0.018835995725123456,0.0028026648782126552,0.042538258616044884,0.0021748548858385795,0.2719952080589021,0.0015867788927332745,0.02750597516100038,0.03598067249151042,0.06687181291784068,0.032408803394210865,0.05890975602974013,0.026559465771087164,0.016023617877972303,0.050167175857905526,0.06350862804319099,0.0,0.007004461685658086,0.008816405355389939,0.04763547630796471,0.09735845064915197,0.08142594791646808,0.03988958948405388
0.02016188788215129,0.0029062254713500264,0.040614175168292486,0.003810222534466143,0.2746283075958153,0.0010114698298222505,0.025176331809485357,0.034609759465524366,0.07654113467620505,0.033832051697302135,0.055858701156898505,0.028924110847530344,0.015887415816626383,0.048026419931025764,0.05667124396332138,0.0,0.00560963726887055,0.008650732292564411,0.04750086364773809,0.1015483504052902,0.08127797138480998,0.03675298715490983
0.01568064558240686,0.00708730090945312,0.04492889337670125,0.0038409226580397625,0.27961409304352003,0.0019979003359494826,0.025073837017032332,0.040133121235547485,0.07662553328134583,0.03351304585036053,0.06333210089866811,0.0311731495414549,0.01579155662161644,0.04455325119896927,0.04560385997764835,0.0,0.006078326323840479,0.011577408185647163,0.04544588033158553,0.09344301770370513,0.08097881028810383,0.03352734563840433
0.026132658624534337,0.009619692283551274,0.041045692947879096,0.0006244519238973185,0.2647504436115196,0.003325013617587713,0.02451922116366,0.035271201067319465,0.07649950628151722,0.03094278616242401,0.05924188226325524,0.02692854049241724,0.01801928089843282,0.04549649043931061,0.053536594546653764,0.0,0.011673649643522292,0.009025250730322957,0.0475516452904788,0.102058539844663,0.07868194361365805,0.035055514553395326
0.020763256259851492,0.007988738349583215,0.03679936957283469,5.9938890771923496e-05,0.2729168311343774,0.0023544882223524963,0.02908250173295492,0.03824722268848802,0.07864139321620889,0.03317631668815954,0.05987741294379986,0.031956920916413945,0.01677477223396089,0.053818106743859215,0.04296803591054847,0.0,0.007734307281412477,0.00851098576714742,0.04435244861960767,0.10177934851458977,0.07718316350363401,0.03501444080944362
0.018761203029138883,0.005693819216480253,0.04427728476953362,0.003972460829105954,0.2699907628637182,0.0018268819170030829,0.028247538716405694,0.03683958544925297,0.07813009663185909,0.033358553238118524,0.05764893471128848,0.027676571843890527,0.012464811551438491,0.052849435152108604,0.0525363543853264,0.0,0.007881560789351387,0.008427903858834542,0.04688104944427905,0.09984429138336602,0.07710698329656364,0.03558391692293647
0.01936985358736908,0.0038603322520540393,0.04526135204709848,0.0009144582527719916,0.2730495469247136,0.00495935363694874,0.02750616807019751,0.03743990700729112,0.06947588834947932,0.0297052002835556,0.06435258119677056,0.026520390850043457,0.014736189467825869,0.054175019214529316,0.055864469231322385,0.0,0.008146252704900608,0.01334968476934987,0.04711431415764121,0.09471351226774903,0.07050271224186068,0.03898281348652748
0.019102085593827797,0.0008012498082283728,0.03986977099713972,0.002396777973948055,0.2850899318325109,0.0003755131563076217,0.02752102828785304,0.03902113096077147,0.06996051188786695,0.034977202358445404,0.06415878266280307,0.026561373543427157,0.01673479841406332,0.05732132549846902,0.04194200437205995,0.0,0.00952340941038034,0.007964170475997687,0.04664348151665744,0.10072346072134933,0.07577908580450841,0.03353290472338506
0.01992648075511575,0.003456463247702849,0.042620605387992526,0.002139495191629484,0.2735807001012621,0.0013980803627194642,0.02608521156919822,0.036978709483852325,0.07215221780799869,0.034911737645106265,0.06417013612917412,0.026363162227546432,0.01860151819968813,0.04776767831524149,0.05188457853806859,0.0,0.009150631252215541,0.0102371543150392,0.05213170730139368,0.09611937147259594,0.07787736935143974,0.03244699134501967
